n_fire_pixels,mean_temp_fire,max_temp_fire,mean_power_fire,sum_power_fire,mean_area_fire,sum_area_fire,time_coverage_start,time_coverage_end,mean_confidence,max_confidence
501.0,591.27527,865.17255,208.41217,4793.48,48059.656,720962.1,2025-01-01T00:00:20.572046976,2025-01-01T00:09:51.387266944,0.89,1.0
577.0,586.0716,869.27277,230.50606,3688.0967,42523.484,595307.1,2025-01-01T00:10:20.571961984,2025-01-01T00:19:51.377534080,0.87,1.0
708.0,621.95294,1067.4761,265.50192,4513.5327,60883.477,853130.6,2025-01-01T00:20:20.571876992,2025-01-01T00:29:51.371059968,0.87,1.0
657.0,601.4679,773.0441,220.89957,4197.092,49570.895,745415.2,2025-01-01T00:30:20.573617024,2025-01-01T00:39:51.376242048,0.87,1.0
646.0,644.0407,1112.006,254.59962,4073.5942,42119.117,421307.94,2025-01-01T00:40:20.573539072,2025-01-01T00:49:51.382274048,0.88,1.0
501.0,548.43414,740.0448,96.74409,1354.4174,52794.164,581660.6,2025-01-01T00:50:20.573444992,2025-01-01T00:59:51.374184064,0.91,1.0
562.0,581.60944,807.2218,204.66827,3479.3608,61170.766,795224.3,2025-01-01T01:00:20.575174016,2025-01-01T01:09:51.384121984,0.88,1.0
543.0,622.8486,785.1628,282.22678,4797.8555,48425.2,679276.56,2025-01-01T01:10:20.575116928,2025-01-01T01:19:51.382043008,0.94,1.0
839.0,793.2779,2299.2134,332.80402,4326.4517,43863.207,442407.0,2025-01-01T01:20:20.575026944,2025-01-01T01:29:51.378409088,0.84,1.0
833.0,737.8635,1589.7432,289.8448,4347.6714,41970.9,423320.3,2025-01-01T01:30:20.576738048,2025-01-01T01:39:51.374925056,0.92,1.0
1044.0,666.83844,876.9371,284.46777,4551.4844,45935.58,599600.44,2025-01-01T01:40:20.576663040,2025-01-01T01:49:51.379104000,0.91,1.0
1098.0,662.4775,1155.8389,271.92957,4622.803,38472.324,619710.75,2025-01-01T01:50:20.578409984,2025-01-01T01:59:51.382163968,0.92,1.0
1309.0,613.7599,752.4472,297.41687,3866.419,54060.32,594710.44,2025-01-01T02:00:20.578372992,2025-01-01T02:09:51.376515072,0.89,1.0
1557.0,652.691,822.45715,331.49582,3977.9497,44515.992,489763.78,2025-01-01T02:10:20.578340096,2025-01-01T02:19:51.381875072,0.93,1.0
2048.0,618.3403,984.438,289.8794,4058.3113,64730.562,907097.9,2025-01-01T02:20:20.580067072,2025-01-01T02:29:51.386268032,0.92,1.0
1948.0,616.57196,1119.1686,260.37396,3645.2358,62379.684,876546.8,2025-01-01T02:30:20.579987072,2025-01-01T02:39:51.378777088,0.95,1.0
1685.0,553.8652,902.3061,140.0722,1540.7944,82823.15,828288.5,2025-01-01T02:40:20.579918976,2025-01-01T02:49:51.380928000,0.93,1.0
1264.0,647.17114,1084.3567,89.19244,1248.6942,31830.066,417940.97,2025-01-01T02:50:20.581665024,2025-01-01T02:59:51.388276992,0.93,1.0
1129.0,590.5807,764.2724,40.374954,484.49945,19518.396,214683.02,2025-01-01T03:00:20.581617920,2025-01-01T03:09:51.388516992,0.93,1.0
1107.0,569.143,821.81335,27.78869,416.83035,22740.055,273991.88,2025-01-01T03:10:20.581577984,2025-01-01T03:19:51.384214016,0.93,1.0
1283.0,568.87396,681.1774,28.372147,283.72147,15818.583,159276.88,2025-01-01T03:20:20.583346048,2025-01-01T03:29:51.385884032,0.92,1.0
1217.0,581.589,762.7508,291.3921,4370.8813,58093.42,756867.9,2025-01-01T03:30:20.583312000,2025-01-01T03:39:51.393378048,0.94,1.0
1084.0,609.4614,705.7201,240.27281,4324.9106,52947.223,689241.0,2025-01-01T03:40:20.583276928,2025-01-01T03:49:51.386023936,0.94,1.0
962.0,612.248,763.9336,250.84344,4515.182,57226.656,862130.9,2025-01-01T03:50:20.585043968,2025-01-01T03:59:51.409790080,0.95,1.0
1030.0,583.1178,766.6141,274.17587,4386.814,55537.902,722170.1,2025-01-01T04:00:20.585001984,2025-01-01T04:09:51.385987072,0.92,1.0
1113.0,558.9964,688.39453,234.87282,4227.711,92064.75,1.1968386e+06,2025-01-01T04:10:20.586756992,2025-01-01T04:19:51.393848960,0.94,1.0
1130.0,581.14703,682.07007,283.41168,4251.175,93169.22,1.02498525e+06,2025-01-01T04:20:20.586701056,2025-01-01T04:29:51.387405056,0.93,1.0
1100.0,582.30457,740.5842,308.8477,4323.867,92129.195,1.0151065e+06,2025-01-01T04:30:20.586633984,2025-01-01T04:39:51.384284032,0.94,1.0
948.0,560.963,818.5597,370.87656,4450.518,141621.6,1.2763941e+06,2025-01-01T04:40:20.588359040,2025-01-01T04:49:51.387490048,0.92,1.0
978.0,598.1366,670.9003,606.5087,4245.5605,144862.69,1.0142295e+06,2025-01-01T04:50:20.588268032,2025-01-01T04:59:51.392375040,0.92,1.0
865.0,586.5123,666.5972,477.76773,5255.4453,139161.4,1.3916216e+06,2025-01-01T05:00:20.588163968,2025-01-01T05:09:51.387561984,0.94,1.0
720.0,588.67114,905.98346,405.83588,5275.866,110826.8,1.2191456e+06,2025-01-01T05:10:20.589849984,2025-01-01T05:19:51.391422080,0.91,1.0
481.0,591.0428,957.2252,353.99777,4955.9688,77071.08,924831.44,2025-01-01T05:20:20.589719040,2025-01-01T05:29:51.397500032,0.89,1.0
387.0,642.5681,1008.8518,397.4338,4769.2056,98712.39,990312.3,2025-01-01T05:30:20.589571968,2025-01-01T05:39:51.394444032,0.91,1.0
423.0,638.69836,811.2992,592.7387,4741.9097,129724.38,908185.25,2025-01-01T05:40:20.591213952,2025-01-01T05:49:51.398934016,0.89,1.0
470.0,618.567,710.61926,499.49945,4495.4946,106150.805,849193.0,2025-01-01T05:50:20.591037952,2025-01-01T05:59:51.397021952,0.95,1.0
513.0,623.9282,725.26483,446.51593,4465.1597,121351.984,849400.6,2025-01-01T06:00:20.819864064,2025-01-01T06:09:51.619266048,0.93,1.0
737.0,662.4735,775.567,472.88528,4728.853,125434.65,878853.9,2025-01-01T06:10:20.819659904,2025-01-01T06:19:51.623161984,0.92,1.0
863.0,594.6147,753.0124,423.24442,5078.933,102968.625,1.0297663e+06,2025-01-01T06:20:20.821248000,2025-01-01T06:29:51.631427072,0.94,1.0
773.0,679.1858,743.9927,629.97,4409.79,93488.75,562575.4,2025-01-01T06:30:20.821046912,2025-01-01T06:39:51.626541056,0.95,1.0
769.0,604.99054,820.93494,527.39514,5273.951,99031.52,793274.4,2025-01-01T06:40:20.822699008,2025-01-01T06:49:51.624268032,0.95,1.0
628.0,613.9293,808.711,546.2011,5462.0107,100023.07,1.00275225e+06,2025-01-01T06:50:20.822544000,2025-01-01T06:59:51.626690048,0.97,1.0
624.0,651.66797,796.129,516.0038,4644.0337,121980.16,854949.75,2025-01-01T07:00:20.822371968,2025-01-01T07:09:51.623394048,0.97,1.0
846.0,798.6133,1127.3324,237.52254,1187.6127,46195.35,141826.4,2025-01-01T07:10:20.823988992,2025-01-01T07:19:51.629302016,0.95,1.0
1100.0,636.3117,722.23755,253.1589,2025.2711,106583.336,319766.06,2025-01-01T07:20:20.823836032,2025-01-01T07:29:51.625025024,0.96,1.0
1130.0,565.0787,606.27686,85.01122,510.06735,79787.4,240492.06,2025-01-01T07:30:20.823705984,2025-01-01T07:39:51.624727040,0.97,1.0
894.0,518.7908,518.7908,120.09095,360.27286,257613.2,257615.81,2025-01-01T07:40:20.825366912,2025-01-01T07:49:51.623949952,0.98,1.0
855.0,682.7708,682.7708,295.33224,1181.3289,162217.9,162243.1,2025-01-01T07:50:20.825207040,2025-01-01T07:59:51.633454976,0.98,1.0
892.0,621.1406,622.2689,185.2231,740.8924,88918.87,179414.78,2025-01-01T08:00:20.825031936,2025-01-01T08:09:51.624716032,0.97,1.0
767.0,597.0862,679.0679,486.54404,973.0881,77240.24,154534.94,2025-01-01T08:10:20.826647936,2025-01-01T08:19:51.629820032,0.98,1.0
702.0,592.1002,618.71674,343.81683,687.63367,90540.85,181061.25,2025-01-01T08:20:20.826455040,2025-01-01T08:29:51.635347072,0.98,1.0
722.0,479.1284,480.39145,62.223717,248.89487,161189.6,322412.88,2025-01-01T08:30:20.826262016,2025-01-01T08:39:51.632863104,0.98,1.0
708.0,468.94672,468.94672,72.143745,216.43123,324411.06,324388.9,2025-01-01T08:40:20.827873920,2025-01-01T08:49:51.638547968,0.98,1.0
570.0,462.79004,468.2726,92.12897,184.25793,184567.66,369123.56,2025-01-01T08:50:20.827687040,2025-01-01T08:59:51.629172992,0.98,1.0
509.0,460.44104,510.95944,76.69815,153.3963,288187.03,576333.56,2025-01-01T09:00:20.829308928,2025-01-01T09:09:51.627437056,0.96,1.0
474.0,559.98285,707.7957,66.31338,397.88025,111594.086,334767.16,2025-01-01T09:10:20.829133056,2025-01-01T09:19:51.630000000,0.9,1.0
334.0,531.90027,552.532,107.86371,323.59113,126599.36,253200.58,2025-01-01T09:20:20.828963072,2025-01-01T09:29:51.632318080,0.95,1.0
193.0,496.58514,496.58514,66.70734,266.82935,209856.58,209868.48,2025-01-01T09:30:20.830605056,2025-01-01T09:39:51.632297088,0.89,1.0
321.0,516.4602,547.7748,54.5493,327.2958,83551.54,250675.72,2025-01-01T09:40:20.830452992,2025-01-01T09:49:51.637542016,0.81,1.0
318.0,411.391,418.2569,33.20662,232.44633,225082.31,450165.97,2025-01-01T09:50:20.830312960,2025-01-01T09:59:51.634222080,0.88,1.0
289.0,1030.0192,1030.0192,24.549892,196.39915,1302.0342,4000.0,2025-01-01T10:00:20.831985920,2025-01-01T10:09:51.634353024,0.87,1.0
253.0,481.40524,527.7368,57.235428,515.11884,79394.22,397003.06,2025-01-01T10:10:20.831869056,2025-01-01T10:19:51.635244032,0.86,1.0
349.0,520.4193,624.76605,92.10098,644.7068,47773.406,191122.94,2025-01-01T10:20:20.831763072,2025-01-01T10:29:51.634013056,0.88,1.0
375.0,666.24414,827.4418,191.52,2298.2402,94226.49,376904.3,2025-01-01T10:30:20.833474048,2025-01-01T10:39:51.631549056,0.89,1.0
282.0,568.5595,697.738,171.17737,1198.2416,90138.89,180268.48,2025-01-01T10:40:20.833394944,2025-01-01T10:49:51.634984064,0.89,1.0
465.0,593.18256,663.7133,175.08853,1400.7083,95538.66,383185.25,2025-01-01T10:50:20.833330944,2025-01-01T10:59:51.630658048,0.75,1.0
120.0,554.11444,662.4831,174.1326,870.6631,58274.715,233149.78,2025-01-01T11:00:20.835083008,2025-01-01T11:09:51.640276992,0.85,1.0
112.0,445.52335,518.0587,54.828434,493.4559,187432.72,562283.5,2025-01-01T11:10:20.835044992,2025-01-01T11:19:51.642809984,0.85,1.0
114.0,629.0814,1316.7806,30.00769,360.09232,84603.414,511230.2,2025-01-01T11:20:20.836824064,2025-01-01T11:29:51.636253056,0.78,1.0
55.0,491.7758,678.0365,45.22064,361.7651,107887.19,539452.4,2025-01-01T11:30:20.836814080,2025-01-01T11:39:51.640340992,0.86,1.0
56.0,587.3104,680.5746,107.684235,646.10535,35479.87,141862.72,2025-01-01T11:40:20.836817024,2025-01-01T11:49:51.635426048,0.87,1.0
36.0,612.1122,744.8123,348.93863,4885.141,70974.04,711866.0,2025-01-01T11:50:20.838638976,2025-01-01T11:59:51.639236992,0.76,1.0
35.0,577.7488,721.9713,475.53995,5230.9395,98369.75,885695.3,2025-01-01T12:00:20.838673024,2025-01-01T12:09:51.640233088,0.77,1.0
28.0,544.1596,701.9407,270.87457,2708.7458,109695.87,769017.3,2025-01-01T12:10:20.838723968,2025-01-01T12:19:51.638375040,0.75,1.0
26.0,617.3252,999.3213,417.91647,5014.9976,114857.39,1.1516901e+06,2025-01-01T12:20:20.840595968,2025-01-01T12:29:51.642644992,0.62,1.0
22.0,726.6938,1278.927,464.11197,4641.1196,111775.77,674290.7,2025-01-01T12:30:20.840679040,2025-01-01T12:39:51.649342976,0.66,1.0
14.0,612.50507,783.62946,565.32965,5653.297,135843.25,1.224988e+06,2025-01-01T12:40:20.840777984,2025-01-01T12:49:51.643694080,0.54,1.0
19.0,613.6002,863.128,512.39606,5123.961,105910.93,953261.1,2025-01-01T12:50:20.842695936,2025-01-01T12:59:51.646393984,0.67,1.0
19.0,636.1716,766.3442,575.3796,4603.0366,158589.66,634398.1,2025-01-01T13:00:20.842825984,2025-01-01T13:09:51.652976000,0.7,1.0
15.0,635.0429,745.6613,747.80505,5234.6357,135869.94,817349.75,2025-01-01T13:10:20.842971008,2025-01-01T13:19:51.648318976,0.67,1.0
20.0,662.01587,1008.8937,482.90405,4829.0405,83108.46,667594.56,2025-01-01T13:20:20.844934016,2025-01-01T13:29:51.648983040,0.72,1.0
26.0,640.32715,974.6955,530.41907,5304.191,119062.5,955298.1,2025-01-01T13:30:20.845108096,2025-01-01T13:39:51.649497088,0.75,1.0
37.0,599.79565,1259.9983,469.02155,5159.237,124632.04,1.1217126e+06,2025-01-01T13:40:20.845293952,2025-01-01T13:49:51.653086976,0.73,1.0
30.0,647.51685,974.3681,471.06104,5181.672,125051.4,875500.0,2025-01-01T13:50:20.847296000,2025-01-01T13:59:51.651470976,0.78,1.0
29.0,746.0496,1061.6594,437.09595,5245.1514,81059.76,899122.5,2025-01-01T14:00:20.847504000,2025-01-01T14:09:51.656726016,0.72,1.0
36.0,639.7759,1135.7412,308.74762,4939.962,96277.63,1.3524346e+06,2025-01-01T14:10:20.849523968,2025-01-01T14:19:51.650652032,0.73,1.0
43.0,605.5563,1040.2216,301.065,4817.04,79800.484,959407.1,2025-01-01T14:20:20.849746944,2025-01-01T14:29:51.649123968,0.71,1.0
53.0,654.4305,895.4414,291.97058,4963.5,65468.57,1.0507174e+06,2025-01-01T14:30:20.849975936,2025-01-01T14:39:51.653208064,0.75,1.0
54.0,626.575,783.1689,315.88968,5686.015,80339.98,1.2068509e+06,2025-01-01T14:40:20.852013952,2025-01-01T14:49:51.652752000,0.73,1.0
85.0,598.6264,891.6437,272.8364,5729.565,82538.23,1.4861872e+06,2025-01-01T14:50:20.852252928,2025-01-01T14:59:51.661820032,0.75,1.0
91.0,578.8867,832.4236,201.86502,6055.951,69767.875,1.6748941e+06,2025-01-01T15:00:20.852494976,2025-01-01T15:09:51.652907008,0.74,1.0
68.0,576.7812,790.69525,260.01846,5200.369,92573.23,1.3909494e+06,2025-01-01T15:10:20.854540032,2025-01-01T15:19:51.658615040,0.78,1.0
63.0,547.03394,842.97095,236.80467,5209.703,90335.164,1.6299169e+06,2025-01-01T15:20:20.854783104,2025-01-01T15:29:51.653815040,0.77,1.0
34.0,558.8563,765.6876,255.63809,5368.4004,96451.38,1.5432528e+06,2025-01-01T15:30:20.855026048,2025-01-01T15:39:51.659811072,0.67,1.0
37.0,556.95557,797.16736,242.4062,5332.936,99213.76,1.9870885e+06,2025-01-01T15:40:20.857046016,2025-01-01T15:49:51.657755008,0.74,1.0
45.0,557.7727,724.4842,233.71634,5842.908,97023.49,1.7464499e+06,2025-01-01T15:50:20.857235968,2025-01-01T15:59:51.661000064,0.64,1.0
41.0,577.24225,857.52136,225.38477,5409.2344,100745.305,2.0198348e+06,2025-01-01T16:00:20.857425024,2025-01-01T16:09:51.666179968,0.75,1.0
43.0,563.2815,921.9757,221.21509,6194.023,79406.17,1.9851966e+06,2025-01-01T16:10:20.859419008,2025-01-01T16:19:51.662310016,0.75,1.0
47.0,536.4596,873.23224,236.15852,5195.4873,141113.23,2.8250755e+06,2025-01-01T16:20:20.859611008,2025-01-01T16:29:51.659495040,0.7,1.0
54.0,523.7017,854.2638,234.228,5621.472,138631.53,2.7726935e+06,2025-01-01T16:30:20.861608064,2025-01-01T16:39:51.661494016,0.75,1.0
73.0,530.04803,913.7247,175.00415,5250.125,112234.39,3.145633e+06,2025-01-01T16:40:20.861801984,2025-01-01T16:49:51.669267072,0.78,1.0
62.0,544.9743,980.9646,174.73239,6115.634,95662.04,2.9709732e+06,2025-01-01T16:50:20.861997056,2025-01-01T16:59:51.661833984,0.73,1.0
86.0,538.39496,1148.9359,179.19458,6451.0054,88072.85,2.733578e+06,2025-01-01T17:00:20.863993984,2025-01-01T17:09:51.665454080,0.8,1.0
90.0,544.63794,1612.4128,162.4006,5196.8193,111504.91,2.9012992e+06,2025-01-01T17:10:20.864184960,2025-01-01T17:19:51.674823040,0.81,1.0
101.0,590.1641,1356.2653,146.48085,5712.7534,73676.75,2.7367838e+06,2025-01-01T17:20:20.864370944,2025-01-01T17:29:51.664622976,0.8,1.0
94.0,489.69067,813.4184,44.87012,1839.6748,89932.75,3.062211e+06,2025-01-01T17:30:20.866328960,2025-01-01T17:39:51.665160960,0.77,1.0
77.0,498.23886,780.64075,32.73884,1014.90393,66558.23,1.7339345e+06,2025-01-01T17:40:20.866454016,2025-01-01T17:49:51.669846016,0.82,1.0
90.0,523.55853,805.3279,39.528233,1462.5447,53954.008,1.6752701e+06,2025-01-01T17:50:20.866572032,2025-01-01T17:59:51.669594112,0.8,1.0
81.0,518.3979,782.675,35.014797,1295.5476,56670.504,1.7588736e+06,2025-01-01T18:00:20.639472000,2025-01-01T18:09:51.441617024,0.75,1.0
73.0,521.29706,1289.4285,53.931705,1941.5413,66749.98,1.9358261e+06,2025-01-01T18:10:20.639577088,2025-01-01T18:19:51.445913984,0.73,1.0
84.0,557.2932,1243.0795,118.48892,5568.979,49989.918,2.154216e+06,2025-01-01T18:20:20.641479936,2025-01-01T18:29:51.444766976,0.75,1.0
94.0,549.9701,1363.5458,102.47179,5431.004,67521.27,3.0433768e+06,2025-01-01T18:30:20.641569920,2025-01-01T18:39:51.444039040,0.71,1.0
93.0,587.68317,1732.5894,128.24854,5514.6865,65883.586,2.5762962e+06,2025-01-01T18:40:20.643453056,2025-01-01T18:49:51.446033024,0.72,1.0
97.0,556.73315,1251.3154,100.58963,5934.7886,48704.84,2.5912565e+06,2025-01-01T18:50:20.643520896,2025-01-01T18:59:51.455306112,0.7,1.0
87.0,558.2209,1117.831,109.74769,5926.3755,50842.93,2.3955372e+06,2025-01-01T19:00:20.643579008,2025-01-01T19:09:51.445198976,0.67,1.0
87.0,580.8354,1214.7427,92.8817,4458.322,40258.406,1.6183976e+06,2025-01-01T19:10:20.645426944,2025-01-01T19:19:51.448518016,0.74,1.0
74.0,581.0542,1562.7378,104.27679,5318.116,47687.98,2.1506905e+06,2025-01-01T19:20:20.645459968,2025-01-01T19:29:51.447095936,0.66,1.0
71.0,623.5258,1268.2775,117.04515,5267.0317,41324.7,1.457168e+06,2025-01-01T19:30:20.645480064,2025-01-01T19:39:51.447170048,0.68,1.0
79.0,625.18195,1827.9719,80.75593,4037.7966,39779.996,1.7260144e+06,2025-01-01T19:40:20.647291008,2025-01-01T19:49:51.445355008,0.73,1.0
70.0,611.20966,1055.3522,106.97223,5027.695,30569.959,1.107606e+06,2025-01-01T19:50:20.647287936,2025-01-01T19:59:51.451470080,0.7,1.0
56.0,643.4717,1524.7957,124.95397,4873.205,26802.102,866406.75,2025-01-01T20:00:20.647272960,2025-01-01T20:09:51.455579008,0.66,1.0
63.0,586.3387,947.7862,136.72906,6426.265,39774.703,1.3969806e+06,2025-01-01T20:10:20.649051008,2025-01-01T20:19:51.450605056,0.66,1.0
56.0,657.38324,1217.5973,141.76315,6521.1055,31084.041,1.043712e+06,2025-01-01T20:20:20.649018112,2025-01-01T20:29:51.453554048,0.62,1.0
62.0,660.94586,1543.1604,123.20596,6160.298,23349.023,837367.3,2025-01-01T20:30:20.648978048,2025-01-01T20:39:51.451521024,0.58,1.0
68.0,573.8457,1071.8243,114.09956,6275.4756,41696.05,1.8880498e+06,2025-01-01T20:40:20.650736000,2025-01-01T20:49:51.456936064,0.61,1.0
60.0,598.873,914.9275,144.80116,6371.251,33542.965,1.1212786e+06,2025-01-01T20:50:20.650686080,2025-01-01T20:59:51.451500032,0.62,1.0
58.0,626.4872,1118.7252,146.68753,6600.9385,31818.49,1.03276025e+06,2025-01-01T21:00:20.652435968,2025-01-01T21:09:51.455674112,0.64,1.0
61.0,586.0684,933.0866,151.13553,6649.963,27937.13,847064.6,2025-01-01T21:10:20.652380928,2025-01-01T21:19:51.455127040,0.69,1.0
70.0,670.6053,1019.2555,139.80928,6850.6553,24568.305,931653.94,2025-01-01T21:20:20.652326912,2025-01-01T21:29:51.456121984,0.65,1.0
57.0,647.1708,1364.4077,149.16994,6563.477,30837.195,1.1545969e+06,2025-01-01T21:30:20.654076032,2025-01-01T21:39:51.461622016,0.57,1.0
63.0,639.153,1176.2831,148.7065,5968.669,25277.287,797402.1,2025-01-01T21:40:20.654023040,2025-01-01T21:49:51.464856064,0.61,1.0
60.0,615.15216,1041.1825,192.82191,4434.904,42286.91,681788.4,2025-01-01T21:50:20.653974016,2025-01-01T21:59:51.454583040,0.72,1.0
85.0,646.489,1325.1575,204.31064,4699.145,19771.5,347105.47,2025-01-01T22:00:20.655732992,2025-01-01T22:09:51.464420992,0.72,1.0
104.0,604.749,1241.5698,183.2917,5132.1675,29959.63,548436.75,2025-01-01T22:10:20.655694976,2025-01-01T22:19:51.458404992,0.75,1.0
36.0,667.10223,960.0501,91.59122,2289.7803,13768.552,160898.66,2025-01-01T22:20:20.655662976,2025-01-01T22:29:51.459185024,0.64,1.0
284.0,529.2029,726.7279,98.162506,1865.0876,32469.97,422026.62,2025-01-01T22:30:20.657441920,2025-01-01T22:39:51.464889088,0.69,1.0
322.0,842.3519,2199.7236,340.80176,5452.828,24765.646,276211.8,2025-01-01T22:40:20.657426944,2025-01-01T22:49:51.463098112,0.72,1.0
692.0,633.8821,998.9621,277.08307,4987.4956,73421.64,956455.4,2025-01-01T22:50:20.657421056,2025-01-01T22:59:51.458619008,0.74,1.0
595.0,670.36365,1056.1743,340.1674,5102.5107,48576.723,534340.2,2025-01-01T23:00:20.659206016,2025-01-01T23:09:51.463551104,0.85,1.0
512.0,706.30066,1365.8364,335.87283,4366.347,74145.195,744623.9,2025-01-01T23:10:20.659152000,2025-01-01T23:19:51.458296960,0.93,1.0
819.0,670.0444,1028.5615,226.59282,4531.856,52530.63,792735.7,2025-01-01T23:20:20.660907008,2025-01-01T23:29:51.462018048,0.87,1.0
1261.0,560.8258,746.22284,79.052345,1027.6804,28871.068,202036.92,2025-01-01T23:30:20.660873088,2025-01-01T23:39:51.463294080,0.89,1.0
2005.0,631.1344,788.5996,324.17596,4538.4634,55150.676,551378.25,2025-01-01T23:40:20.660811008,2025-01-01T23:49:51.462528000,0.9,1.0
2593.0,675.25214,1090.5302,415.39493,4984.739,51124.688,562634.9,2025-01-01T23:50:20.662543104,2025-01-01T23:59:51.463830016,0.91,1.0
2076.0,833.9603,1366.366,239.16739,1913.339,39966.277,159851.81,2025-01-02T00:00:20.662489984,2025-01-02T00:09:51.467972992,0.95,1.0
1882.0,964.5262,2560.6794,358.38724,3942.2598,62531.39,315448.1,2025-01-02T00:10:20.662423040,2025-01-02T00:19:51.462172032,0.93,1.0
1865.0,967.2219,1461.79,612.3088,3673.8525,94111.91,282385.34,2025-01-02T00:20:20.664141952,2025-01-02T00:29:51.469740928,0.94,1.0
1504.0,883.8184,1650.9084,407.53745,4075.3743,41120.105,206903.7,2025-01-02T00:30:20.664076032,2025-01-02T00:39:51.469956096,0.95,1.0
1094.0,879.95013,1351.2373,513.0565,4104.4526,67076.5,268274.25,2025-01-02T00:40:20.664009984,2025-01-02T00:49:51.465149952,0.93,1.0
954.0,806.67285,1083.1882,496.54776,3475.8342,78307.68,313155.56,2025-01-02T00:50:20.665716992,2025-01-02T00:59:51.465819008,0.92,1.0
1360.0,790.9357,825.615,513.26154,4106.0923,136810.14,273628.88,2025-01-02T01:00:20.665634944,2025-01-02T01:09:51.467708032,0.88,1.0
1468.0,747.8497,1118.812,671.016,4026.0957,54176.785,325119.22,2025-01-02T01:10:20.665574016,2025-01-02T01:19:51.470726016,0.89,1.0
1189.0,1163.3228,1747.2666,1181.6766,3545.0298,59741.79,181524.4,2025-01-02T01:20:20.667291008,2025-01-02T01:29:51.476312064,0.9,1.0
1045.0,808.26654,1028.9008,553.82904,2769.1453,72250.53,291568.62,2025-01-02T01:30:20.667200000,2025-01-02T01:39:51.470589056,0.93,1.0
1040.0,878.67126,945.33844,822.9992,4114.996,45201.13,180767.97,2025-01-02T01:40:20.668930944,2025-01-02T01:49:51.471704064,0.95,1.0
832.0,785.73584,1002.1026,592.22394,3553.3433,73699.38,294739.6,2025-01-02T01:50:20.668877056,2025-01-02T01:59:51.478957056,0.93,1.0
946.0,964.95715,1146.0063,672.28467,3361.423,97110.7,194232.92,2025-01-02T02:00:20.668840960,2025-01-02T02:09:51.469975040,0.94,1.0
938.0,780.6467,1104.7834,868.487,3473.948,78244.53,234759.94,2025-01-02T02:10:20.670588928,2025-01-02T02:19:51.474408064,0.93,1.0
1084.0,675.4864,943.89374,216.63213,649.8964,214837.45,429676.7,2025-01-02T02:20:20.670510080,2025-01-02T02:29:51.479398016,0.91,1.0
1247.0,421.62784,437.02148,68.96422,206.89265,345557.84,691098.0,2025-01-02T02:30:20.670441984,2025-01-02T02:39:51.473960960,0.91,1.0
1356.0,559.5277,606.2656,26.539818,132.6991,14577.898,29160.059,2025-01-02T02:40:20.672189056,2025-01-02T02:49:51.476397952,0.92,1.0
1243.0,691.22723,710.2846,29.926413,179.55847,4920.644,16512.52,2025-01-02T02:50:20.672144000,2025-01-02T02:59:51.476171008,0.93,1.0
960.0,565.7752,721.10736,38.698,77.396,105637.016,211307.31,2025-01-02T03:00:20.672107008,2025-01-02T03:09:51.477661056,0.93,1.0
913.0,407.5734,407.5734,27.154726,54.309452,226044.75,226028.17,2025-01-02T03:10:20.673878016,2025-01-02T03:19:51.481809024,0.91,1.0
1044.0,456.8541,503.3211,27.804657,139.02328,119513.41,238992.23,2025-01-02T03:20:20.673848064,2025-01-02T03:29:51.474027008,0.91,1.0
997.0,439.8738,475.49255,38.982224,155.9289,129174.45,387514.8,2025-01-02T03:30:20.673817088,2025-01-02T03:39:51.476811008,0.93,1.0
731.0,549.19995,750.37946,53.824768,161.47432,114360.0,343365.3,2025-01-02T03:40:20.675587968,2025-01-02T03:49:51.478966016,0.94,1.0
664.0,646.046,820.0035,681.75336,4772.2734,145097.12,870524.4,2025-01-02T03:50:20.675549952,2025-01-02T03:59:51.479168000,0.95,1.0
624.0,733.20703,800.2877,825.6941,4128.47,95388.81,381514.12,2025-01-02T04:00:20.677309056,2025-01-02T04:09:51.487661056,0.94,1.0
620.0,647.22406,789.3819,390.80878,3126.4702,70474.1,563684.6,2025-01-02T04:10:20.677257984,2025-01-02T04:19:51.478662016,0.91,1.0
704.0,620.448,719.32336,81.38048,244.14143,67487.97,134960.36,2025-01-02T04:20:20.677198976,2025-01-02T04:29:51.483515008,0.91,1.0
805.0,577.9548,645.9209,57.049557,228.19824,34464.387,103409.016,2025-01-02T04:30:20.678931968,2025-01-02T04:39:51.479724032,0.91,1.0
761.0,792.7524,1137.6982,554.19556,4433.5645,111649.85,673315.06,2025-01-02T04:40:20.678851968,2025-01-02T04:49:51.483559040,0.92,1.0
426.0,611.8357,765.38135,977.1041,4885.5205,198320.9,991594.3,2025-01-02T04:50:20.678761984,2025-01-02T04:59:51.482766080,0.91,1.0
304.0,613.43945,690.0884,902.7557,4513.778,182344.36,911649.56,2025-01-02T05:00:20.680461056,2025-01-02T05:09:51.485201024,0.86,1.0
301.0,679.3079,738.3468,1529.4791,4588.4375,195388.05,586126.7,2025-01-02T05:10:20.680343040,2025-01-02T05:19:51.487076992,0.86,1.0
165.0,634.2604,691.8533,1009.3115,5046.5576,191767.69,958909.06,2025-01-02T05:20:20.680212992,2025-01-02T05:29:51.512822016,0.84,1.0
119.0,647.02155,691.9097,1031.1464,5155.732,182962.86,914820.5,2025-01-02T05:30:20.681872000,2025-01-02T05:39:51.492022016,0.88,1.0
90.0,628.9305,687.8811,957.065,4785.3247,220202.33,1.1009925e+06,2025-01-02T05:40:20.681723008,2025-01-02T05:49:51.482625024,0.89,1.0
180.0,625.2979,724.4119,1218.19,4872.76,242014.8,968080.7,2025-01-02T05:50:20.681570944,2025-01-02T05:59:51.490844032,0.9,1.0
279.0,599.4576,710.7117,686.3387,4804.3706,165992.55,995960.2,2025-01-02T06:00:20.910380928,2025-01-02T06:09:51.711001984,0.88,1.0
370.0,570.64996,678.9545,538.26605,4844.3945,143638.9,1.2926759e+06,2025-01-02T06:10:20.911954048,2025-01-02T06:19:51.710080000,0.89,1.0
339.0,626.48846,728.51025,793.32886,4759.9736,172773.55,863902.2,2025-01-02T06:20:20.911677056,2025-01-02T06:29:51.721153024,0.94,1.0
379.0,649.84375,748.0017,1217.3522,4869.4087,192502.17,770017.7,2025-01-02T06:30:20.913193984,2025-01-02T06:39:51.714588032,0.93,1.0
522.0,657.3582,776.19,821.2917,4927.75,104053.555,624287.1,2025-01-02T06:40:20.912906112,2025-01-02T06:49:51.715175040,0.91,1.0
807.0,549.20953,649.57214,403.12756,806.2551,113092.28,226186.44,2025-01-02T06:50:20.912647040,2025-01-02T06:59:51.715659008,0.92,1.0
1093.0,516.8514,634.83936,220.44557,661.3367,84768.3,254273.53,2025-01-02T07:00:20.914173056,2025-01-02T07:09:51.712226048,0.92,1.0
1285.0,598.79114,641.96906,218.36185,655.08545,73787.84,222137.08,2025-01-02T07:10:20.913923072,2025-01-02T07:19:51.715758976,0.93,1.0
1336.0,536.17395,557.5881,114.47455,228.9491,90241.445,180512.42,2025-01-02T07:20:20.913676032,2025-01-02T07:29:51.719353984,0.94,1.0
1489.0,462.7737,462.7737,145.2765,145.2765,276406.28,276397.66,2025-01-02T07:30:20.915228032,2025-01-02T07:39:51.714760960,0.96,1.0
1683.0,666.9486,736.45465,1014.8895,4059.5579,147247.11,589029.06,2025-01-02T07:40:20.915006976,2025-01-02T07:49:51.718345088,0.95,1.0
2005.0,669.0815,731.3866,935.8046,4679.0234,178196.06,712757.44,2025-01-02T07:50:20.914772096,2025-01-02T07:59:51.723312000,0.96,1.0
1945.0,665.81445,722.8516,958.8697,4794.3486,177563.64,710196.4,2025-01-02T08:00:20.916358016,2025-01-02T08:09:51.715803008,0.97,1.0
1645.0,620.83765,724.4114,528.4996,4227.997,142779.62,713891.5,2025-01-02T08:10:20.916176000,2025-01-02T08:19:51.719094016,0.97,1.0
1191.0,634.56134,736.74927,536.86053,4831.745,130867.68,785152.3,2025-01-02T08:20:20.916028928,2025-01-02T08:29:51.715512064,0.95,1.0
928.0,627.6694,665.4399,306.39334,1531.9668,87343.305,262079.0,2025-01-02T08:30:20.917721088,2025-01-02T08:39:51.721028992,0.95,1.0
701.0,864.04535,1278.7858,232.35188,697.05566,69802.99,212746.16,2025-01-02T08:40:20.917629056,2025-01-02T08:49:51.717960064,0.89,1.0
492.0,528.48444,561.8671,75.56264,302.25055,117183.96,234357.75,2025-01-02T08:50:20.919314944,2025-01-02T08:59:51.734302080,0.91,1.0
467.0,572.1737,572.1737,339.86987,339.86987,140376.4,140351.28,2025-01-02T09:00:20.919212032,2025-01-02T09:09:51.724588032,0.94,1.0
386.0,471.74527,481.8485,50.793125,152.37936,123628.36,247285.52,2025-01-02T09:10:20.919132928,2025-01-02T09:19:51.724140032,0.92,1.0
353.0,722.0536,1155.5464,87.148285,522.8898,71996.516,219271.03,2025-01-02T09:20:20.920876928,2025-01-02T09:29:51.721070080,0.88,1.0
316.0,599.8982,624.17896,72.0895,432.53702,70909.83,141790.12,2025-01-02T09:30:20.920835968,2025-01-02T09:39:51.726801024,0.84,1.0
496.0,656.7046,733.9164,94.15001,376.60004,60735.895,122520.44,2025-01-02T09:40:20.920812032,2025-01-02T09:49:51.725852032,0.87,1.0
398.0,664.8755,730.73065,194.04895,1358.3428,55935.312,225161.39,2025-01-02T09:50:20.922606976,2025-01-02T09:59:51.724843008,0.85,1.0
265.0,582.13763,723.5641,140.54219,1405.422,43379.99,216843.45,2025-01-02T10:00:20.922612992,2025-01-02T10:09:51.729955968,0.75,1.0
341.0,590.9351,699.3434,318.54822,2548.3857,104056.055,520279.94,2025-01-02T10:10:20.922631040,2025-01-02T10:19:51.725810944,0.82,1.0
722.0,620.6844,753.4768,488.13223,4881.3223,127664.52,765968.4,2025-01-02T10:20:20.924466048,2025-01-02T10:29:51.724177024,0.84,1.0
602.0,671.5363,735.61487,344.84134,2758.7307,115273.78,345865.5,2025-01-02T10:30:20.924509056,2025-01-02T10:39:51.732964096,0.86,1.0
273.0,597.31586,709.79126,446.8442,4468.4424,124762.33,873415.1,2025-01-02T10:40:20.924564992,2025-01-02T10:49:51.729421056,0.77,1.0
110.0,579.96716,744.24536,685.4862,4798.404,191619.06,1.1496908e+06,2025-01-02T10:50:20.926436992,2025-01-02T10:59:51.737884032,0.83,1.0
75.0,659.8649,760.35706,549.8807,4399.0454,170846.48,854267.4,2025-01-02T11:00:20.926519040,2025-01-02T11:09:51.735043968,0.77,1.0
527.0,651.43195,781.8274,802.54083,4815.2446,90734.59,544428.0,2025-01-02T11:10:20.926615040,2025-01-02T11:19:51.729282048,0.74,1.0
440.0,564.53174,793.86865,332.11377,4317.4785,75777.75,606286.44,2025-01-02T11:20:20.928526976,2025-01-02T11:29:51.730898048,0.73,1.0
46.0,648.1843,747.60986,609.30493,4265.135,67096.47,402552.22,2025-01-02T11:30:20.928647936,2025-01-02T11:39:51.732224000,0.77,1.0
52.0,667.326,1036.2433,263.39987,1580.3992,52389.66,211221.66,2025-01-02T11:40:20.930585984,2025-01-02T11:49:51.732658048,0.79,1.0
33.0,587.6834,697.2998,286.06363,1716.3817,88176.71,352670.56,2025-01-02T11:50:20.930734080,2025-01-02T11:59:51.731417984,0.79,1.0
1.0,nan,nan,20.694805,20.694805,nan,0.0,2000-01-01T11:43:21.000000000,2000-01-01T11:43:21.000000000,1.0,1.0
31.0,529.19995,689.93097,192.52592,962.6297,74757.42,299069.2,2025-01-02T12:10:22.472868992,2025-01-02T12:19:53.275485056,0.72,1.0
25.0,562.61487,658.1062,177.76465,888.82324,53997.32,216014.39,2025-01-02T12:20:22.473059072,2025-01-02T12:29:53.276731008,0.8,1.0
26.0,607.2025,723.5196,424.9994,3824.9946,110190.9,771407.1,2025-01-02T12:30:22.475069056,2025-01-02T12:39:53.275799040,0.71,1.0
22.0,596.69855,748.1455,537.50464,4300.037,118442.375,829094.25,2025-01-02T12:40:22.475288064,2025-01-02T12:49:53.275547008,0.65,1.0
13.0,533.02203,568.41595,66.29246,464.04724,67639.29,338193.62,2025-01-02T12:50:22.475518976,2025-01-02T12:59:53.279760000,0.72,1.0
16.0,502.02618,671.3184,212.21751,1061.0875,99758.31,498814.94,2025-01-02T13:00:20.477729024,2025-01-02T13:09:51.279481984,0.66,1.0
18.0,454.4689,501.7407,47.026123,376.20898,94630.914,662435.94,2025-01-02T13:10:20.477937024,2025-01-02T13:19:51.282578048,0.72,1.0
12.0,611.3482,893.4217,300.5959,3306.5547,62448.74,562074.44,2025-01-02T13:20:20.478142080,2025-01-02T13:29:51.281069056,0.56,1.0
24.0,551.42346,828.067,73.73399,811.0739,61886.03,622481.0,2025-01-02T13:30:20.480162944,2025-01-02T13:39:51.286646016,0.73,1.0
30.0,515.065,740.7481,69.44787,1111.1659,76634.22,1.0728415e+06,2025-01-02T13:40:20.480393984,2025-01-02T13:49:51.280547072,0.75,1.0
32.0,548.3224,702.33685,60.97283,914.59247,47048.89,662165.9,2025-01-02T13:50:20.482439936,2025-01-02T13:59:51.288071936,0.72,1.0
22.0,515.5953,910.14105,49.12049,589.4459,106751.58,962408.1,2025-01-02T14:00:20.482658048,2025-01-02T14:09:51.287068032,0.79,1.0
28.0,629.4239,983.8359,73.613884,1030.5944,39255.19,437503.94,2025-01-02T14:10:20.482875008,2025-01-02T14:19:51.286224000,0.71,1.0
39.0,548.01056,948.79694,58.724937,1291.9485,78382.33,1.2568298e+06,2025-01-02T14:20:20.484905984,2025-01-02T14:29:51.300968960,0.7,1.0
40.0,619.0881,1401.6338,63.29752,1012.7604,90834.06,1.1859231e+06,2025-01-02T14:30:20.485144960,2025-01-02T14:39:51.285225984,0.8,1.0
52.0,544.6999,839.2426,261.13425,5483.8193,97996.09,1.4730895e+06,2025-01-02T14:40:20.485362048,2025-01-02T14:49:51.287232000,0.75,1.0
56.0,570.56604,930.4648,311.31543,6537.624,92822.16,1.672725e+06,2025-01-02T14:50:20.487373056,2025-01-02T14:59:51.291763968,0.74,1.0
80.0,572.93774,1174.8223,198.20938,6739.119,82908.836,2.074862e+06,2025-01-02T15:00:20.487588096,2025-01-02T15:09:51.286200960,0.77,1.0
88.0,569.54065,1107.6664,166.35927,6155.293,101081.02,3.037796e+06,2025-01-02T15:10:20.487813888,2025-01-02T15:19:51.289193088,0.76,1.0
92.0,595.1182,1061.1461,181.92686,6003.5864,64211.324,1.739276e+06,2025-01-02T15:20:20.489827072,2025-01-02T15:29:51.297958016,0.84,1.0
84.0,528.0971,960.0414,194.98882,5264.6987,107317.78,2.1463682e+06,2025-01-02T15:30:20.490011008,2025-01-02T15:39:51.292173056,0.81,1.0
57.0,510.62595,629.8301,173.35616,6240.8213,109083.14,3.0543458e+06,2025-01-02T15:40:20.490196992,2025-01-02T15:49:51.291501952,0.73,1.0
70.0,537.4493,797.3912,157.24715,6132.638,95390.12,2.9618508e+06,2025-01-02T15:50:20.492190976,2025-01-02T15:59:51.293746048,0.73,1.0
92.0,557.23175,1017.0792,119.804054,7427.8516,65614.734,3.3553855e+06,2025-01-02T16:35:20.496631936,2025-01-02T16:40:00.768558080,0.92,1.0
51.0,579.5438,1243.4359,179.28835,6275.092,90908.57,2.4608522e+06,2025-01-02T16:00:20.492388992,2025-01-02T16:09:51.298253056,0.67,1.0
71.0,559.13947,836.58026,140.5367,6464.6885,81401.78,2.7717388e+06,2025-01-02T16:10:20.494395008,2025-01-02T16:19:51.294075008,0.72,1.0
61.0,634.3776,1389.9275,158.70468,6506.892,60249.086,1.9985369e+06,2025-01-02T16:20:20.494593920,2025-01-02T16:29:51.297769984,0.67,1.0
92.0,565.31824,1237.3057,129.21019,7752.611,68005.8,3.4767358e+06,2025-01-02T16:40:20.496708096,2025-01-02T16:49:51.304355072,0.68,1.0
122.0,560.88855,1647.0297,116.064995,7660.29,86898.03,4.8788475e+06,2025-01-02T16:50:20.496864000,2025-01-02T16:59:51.299828992,0.75,1.0
157.0,577.46576,1513.2949,104.57517,7633.988,60776.76,3.9038238e+06,2025-01-02T17:00:20.497022976,2025-01-02T17:09:51.298318080,0.76,1.0
138.0,546.974,1083.4961,120.16305,7209.783,80174.836,3.8564712e+06,2025-01-02T17:10:20.498988032,2025-01-02T17:19:51.307075072,0.77,1.0
173.0,575.8953,1630.9138,107.65914,8397.412,70481.59,4.8014115e+06,2025-01-02T17:20:20.499150080,2025-01-02T17:29:51.299225984,0.77,1.0
177.0,584.68713,1593.3577,60.456158,4292.3867,55914.35,3.4188015e+06,2025-01-02T17:30:20.499312000,2025-01-02T17:39:51.302563968,0.79,1.0
157.0,567.9752,1169.8694,49.462585,3561.3062,55804.816,3.3637615e+06,2025-01-02T17:40:20.501273088,2025-01-02T17:49:51.304004992,0.78,1.0
166.0,557.86664,1195.3889,47.389973,3933.3677,59032.758,4.1430825e+06,2025-01-02T17:50:20.501422976,2025-01-02T17:59:51.296681088,0.76,1.0
160.0,580.25464,1333.6372,46.686592,3688.241,49036.75,3.450411e+06,2025-01-02T18:00:20.274317952,2025-01-02T18:09:51.076637056,0.76,1.0
142.0,568.423,1050.8302,44.903038,3682.049,48457.41,3.3064868e+06,2025-01-02T18:10:20.274407040,2025-01-02T18:19:51.077022976,0.71,1.0
157.0,596.19086,1639.807,117.05148,10534.633,40894.234,3.1600348e+06,2025-01-02T18:20:20.276292992,2025-01-02T18:29:51.076145024,0.72,1.0
169.0,603.99176,1163.1085,109.01234,10465.185,39027.426,3.1752418e+06,2025-01-02T18:30:20.276370944,2025-01-02T18:39:51.079603968,0.7,1.0
154.0,598.7976,1565.9634,100.79745,9071.771,52596.48,4.284956e+06,2025-01-02T18:40:20.276440960,2025-01-02T18:49:51.078435968,0.7,1.0
163.0,607.92834,1253.5059,105.00155,9975.147,35899.95,2.7898865e+06,2025-01-02T18:50:20.278306944,2025-01-02T18:59:51.082391040,0.72,1.0
148.0,605.58105,1319.7286,76.742546,8595.165,36994.527,3.7284962e+06,2025-01-02T19:35:20.282064000,2025-01-02T19:40:00.415917056,0.92,1.0
161.0,585.57306,1048.236,98.1885,10800.735,47776.227,4.409876e+06,2025-01-02T19:00:20.278360064,2025-01-02T19:09:51.083764992,0.67,1.0
169.0,576.95996,1089.3937,82.18748,8218.748,38694.004,3.2644425e+06,2025-01-02T19:10:20.278401920,2025-01-02T19:19:51.083575040,0.71,1.0
152.0,563.1954,1271.2762,85.55525,9496.633,49181.71,4.531654e+06,2025-01-02T19:20:20.280236032,2025-01-02T19:29:51.085753984,0.67,1.0
148.0,591.58417,948.8366,80.78912,8078.912,36291.168,3.0939788e+06,2025-01-02T19:40:20.280262912,2025-01-02T19:49:51.076336000,0.66,1.0
144.0,583.67004,1143.4043,67.269745,6054.2773,38634.73,2.8017175e+06,2025-01-02T19:50:20.282062976,2025-01-02T19:59:51.083764992,0.67,1.0
137.0,628.32605,1626.2898,87.45608,7433.7676,22644.354,1.5882288e+06,2025-01-02T20:00:20.282050048,2025-01-02T20:09:51.081766016,0.68,1.0
140.0,612.07697,1406.5603,70.83477,6941.8076,30146.754,2.7309022e+06,2000-01-01T11:43:21.000000000,2000-01-01T11:43:21.000000000,0.65,1.0
119.0,660.4105,1842.7888,60.85325,4259.727,24704.82,1.5527891e+06,2025-01-02T20:20:20.283799040,2025-01-02T20:29:51.089426048,0.7,1.0
111.0,660.97943,1227.264,90.537155,7333.5093,20570.574,1.4459624e+06,2025-01-02T20:30:20.283761024,2025-01-02T20:39:51.090707968,0.62,1.0
108.0,675.0059,1963.0364,70.465,5284.8745,22127.695,1.4000341e+06,2025-01-02T20:40:20.285520000,2025-01-02T20:49:51.092282112,0.64,1.0
98.0,660.82056,1152.6066,49.758865,3234.3262,14246.522,689743.4,2025-01-02T20:50:20.285472000,2025-01-02T20:59:51.086861056,0.63,1.0
85.0,638.33545,1191.0494,40.582626,2313.2095,18708.441,821619.94,2025-01-02T21:00:20.285419904,2025-01-02T21:09:51.087112960,0.62,1.0
77.0,667.19586,1311.2675,46.08911,2811.4355,21022.76,1.039805e+06,2025-01-02T21:10:20.287170048,2025-01-02T21:19:51.089550080,0.57,1.0
87.0,627.90576,1071.6837,37.617138,2369.88,47132.168,2.2412575e+06,2025-01-02T21:20:20.287116032,2025-01-02T21:29:51.092699008,0.64,1.0
70.0,638.3018,1407.5255,37.20965,1934.9015,20586.352,837609.75,2025-01-02T21:30:20.287063040,2025-01-02T21:39:51.084406016,0.66,1.0
78.0,598.13715,1079.6407,69.61527,3619.9941,44379.133,1.6097152e+06,2025-01-02T21:40:20.288816000,2025-01-02T21:49:51.092288000,0.61,1.0
87.0,614.62415,820.5473,70.60154,2612.2568,18528.938,358703.28,2025-01-02T21:50:20.288769024,2025-01-02T21:59:51.089094016,0.66,1.0
502.0,608.27716,1279.0061,158.44586,4278.0376,65594.016,1.2474866e+06,2025-01-02T22:00:20.288726016,2025-01-02T22:09:51.090000000,0.72,1.0
403.0,634.73755,809.6747,43.072124,1119.8754,21580.002,395864.8,2025-01-02T22:10:20.290492032,2025-01-02T22:19:51.096121984,0.92,1.0
595.0,618.86053,754.6179,119.848755,3235.9167,34763.125,386829.56,2025-01-02T22:20:20.290462080,2025-01-02T22:29:51.090844928,0.91,1.0
536.0,590.1958,777.5809,173.12947,3635.7185,48938.652,640030.1,2025-01-02T22:30:20.290438016,2025-01-02T22:39:51.093342976,0.89,1.0
390.0,556.84766,764.7819,44.665726,848.64874,25480.057,307104.0,2025-01-02T22:40:20.292225920,2025-01-02T22:49:51.091335040,0.77,1.0
401.0,666.54236,1276.2971,72.28038,1951.5703,29365.146,474761.28,2025-01-02T22:50:20.292220032,2025-01-02T22:59:51.095952000,0.81,1.0
381.0,631.3085,1123.8491,41.814518,1003.54846,74987.73,1.2063382e+06,2025-01-02T23:00:20.294025984,2025-01-02T23:09:51.097404032,0.79,1.0
649.0,572.98987,780.2077,79.43072,1985.7678,52748.047,634810.56,2025-01-02T23:10:20.294013952,2025-01-02T23:19:51.090131968,0.82,1.0
1096.0,615.81805,791.4209,107.37148,1503.2008,28126.537,312372.97,2025-01-02T23:20:20.293954944,2025-01-02T23:29:51.096328064,0.83,1.0
1274.0,589.965,949.4193,33.087673,562.4904,66197.36,865534.06,2025-01-02T23:30:20.295705984,2025-01-02T23:39:51.094835072,0.88,1.0
1414.0,604.6046,786.14905,60.70201,789.1262,66648.016,735452.2,2025-01-02T23:40:20.295670016,2025-01-02T23:49:51.097298048,0.92,1.0
1447.0,611.4364,1066.585,69.58819,1182.9993,63294.484,762807.5,2025-01-02T23:50:20.295616000,2025-01-02T23:59:51.101834112,0.92,1.0
1251.0,544.2206,784.07837,57.908997,636.99896,41850.727,376756.25,2025-01-03T00:00:20.297340928,2025-01-03T00:09:51.095331968,0.95,1.0
1125.0,755.9497,955.04877,396.8885,3175.1077,38176.363,152717.16,2025-01-03T00:10:20.297278080,2025-01-03T00:19:51.100571008,0.91,1.0
1123.0,626.7081,785.6545,53.317936,639.8152,16158.665,134568.36,2025-01-03T00:20:20.297220992,2025-01-03T00:29:51.096349056,0.84,1.0
1019.0,651.7751,1000.37494,233.22038,3031.8647,40635.17,408990.0,2025-01-03T00:30:20.298930944,2025-01-03T00:39:51.105288064,0.93,1.0
985.0,652.66156,884.4164,70.08159,911.0607,28317.562,201853.98,2025-01-03T00:40:20.298850048,2025-01-03T00:49:51.099521024,0.92,1.0
822.0,725.8836,1187.9104,348.20807,3830.289,85479.11,683998.2,2025-01-03T00:50:20.298787968,2025-01-03T00:59:51.101587072,0.89,1.0
665.0,722.91565,1051.85,261.17142,3134.057,44504.754,496349.66,2025-01-03T01:00:20.300500096,2025-01-03T01:09:51.111660032,0.89,1.0
652.0,711.3603,885.39746,311.85132,3118.5132,36336.227,296226.3,2025-01-03T01:10:20.300402944,2025-01-03T01:19:51.103911040,0.82,1.0
696.0,714.5559,901.5301,384.861,3848.6099,45417.953,365011.78,2025-01-03T01:20:20.302128000,2025-01-03T01:29:51.106716928,0.89,1.0
769.0,659.0167,974.74396,350.51297,3505.13,78643.63,631616.3,2025-01-03T01:30:20.302067968,2025-01-03T01:39:51.111785088,0.91,1.0
710.0,758.6328,1015.50867,387.29453,3872.945,60627.14,488984.16,2025-01-03T01:40:20.301982080,2025-01-03T01:49:51.099835008,0.94,1.0
678.0,644.8518,750.3764,347.1955,3819.1501,57627.176,576867.94,2025-01-03T01:50:20.303699072,2025-01-03T01:59:51.106134016,0.89,1.0
596.0,712.97034,1188.9983,317.63718,3811.6458,67006.664,744416.3,2025-01-03T02:00:20.303629952,2025-01-03T02:09:51.108214016,0.95,1.0
524.0,691.6057,1229.6013,319.30228,3512.3252,105354.98,954053.9,2025-01-03T02:10:20.303579008,2025-01-03T02:19:51.104007040,0.92,1.0
523.0,689.8496,905.5749,477.8725,3822.9797,153638.42,1.0770389e+06,2025-01-03T02:20:20.305345024,2025-01-03T02:29:51.103371008,0.86,1.0
542.0,644.80457,887.4348,262.64368,3151.7239,126101.805,1.2655151e+06,2025-01-03T02:30:20.305318912,2025-01-03T02:39:51.105751040,0.89,1.0
671.0,629.7695,751.2126,110.49516,883.9613,47516.047,237881.53,2025-01-03T02:40:20.305291008,2025-01-03T02:49:51.103576960,0.88,1.0
1111.0,680.158,860.6513,125.63907,1005.1125,64108.633,449371.8,2025-01-03T02:50:20.307026048,2025-01-03T02:59:51.111214080,0.89,1.0
1360.0,789.1616,1036.6692,130.19543,911.3681,70805.79,430370.72,2025-01-03T03:00:20.306956032,2025-01-03T03:09:51.106642048,0.92,1.0
1872.0,794.23615,1340.4691,39.38266,196.9133,14432.364,61674.02,2025-01-03T03:10:20.306891008,2025-01-03T03:19:51.110043008,0.92,1.0
2292.0,660.48846,785.0947,29.140886,145.70444,12293.574,38160.418,2025-01-03T03:20:20.308633984,2025-01-03T03:29:51.110888064,0.91,1.0
2204.0,623.4763,772.79144,391.6839,3916.839,143508.75,1.0063021e+06,2025-01-03T03:30:20.308576000,2025-01-03T03:39:51.113420032,0.92,1.0
1975.0,660.7408,832.5906,391.72375,3917.2375,162014.86,1.1371042e+06,2025-01-03T03:40:20.310321024,2025-01-03T03:49:51.109284992,0.94,1.0
2063.0,688.02075,812.0274,371.26724,3341.4053,112607.16,790798.75,2025-01-03T03:50:20.310262016,2025-01-03T03:59:51.114235008,0.88,1.0
1806.0,644.21423,749.41504,396.7173,3967.173,128451.21,1.0284131e+06,2025-01-03T04:00:20.310197888,2025-01-03T04:09:51.114161024,0.92,1.0
1415.0,619.82477,718.1875,402.28165,3620.5347,145892.08,1.0214861e+06,2025-01-03T04:10:20.311931008,2025-01-03T04:19:51.113757056,0.88,1.0
1383.0,606.64966,683.1222,583.99976,4087.9983,185779.75,1.1146272e+06,2025-01-03T04:20:20.311853056,2025-01-03T04:29:51.118372992,0.9,1.0
1514.0,590.06525,653.63025,460.97668,3687.8135,186675.23,1.1199935e+06,2025-01-03T04:30:20.311766016,2025-01-03T04:39:51.113476096,0.87,1.0
1394.0,636.7764,750.2518,470.17032,3761.3625,135794.89,951968.94,2025-01-03T04:40:20.313470976,2025-01-03T04:49:51.111207040,0.9,1.0
1183.0,663.12366,840.1933,447.0907,3576.7256,138667.11,694987.6,2025-01-03T04:50:20.313361024,2025-01-03T04:59:51.115277952,0.95,1.0
889.0,614.22986,665.5441,445.43533,4008.918,201708.61,1.0085468e+06,2025-01-03T05:00:20.313240064,2025-01-03T05:09:51.117315968,0.94,1.0
867.0,628.37274,694.49164,435.51532,3919.6382,151041.17,1.058501e+06,2025-01-03T05:10:20.314908928,2025-01-03T05:19:51.113415040,0.92,1.0
529.0,614.8769,649.6085,485.95435,3887.6345,211456.98,1.0572698e+06,2025-01-03T05:20:20.314761088,2025-01-03T05:29:51.118571008,0.91,1.0
541.0,554.376,660.2741,532.4264,4259.411,211206.98,1.2671994e+06,2025-01-03T05:30:20.314599936,2025-01-03T05:39:51.122993024,0.88,1.0
761.0,617.2606,692.2082,441.44183,4414.4185,151084.58,1.208731e+06,2025-01-03T05:40:20.316228096,2025-01-03T05:49:51.121672960,0.85,1.0
1771.0,600.66425,675.33307,557.2203,3900.5417,187734.89,1.1263965e+06,2025-01-03T05:50:20.316038016,2025-01-03T05:59:51.116443008,0.78,1.0
1307.0,599.22186,659.7436,692.18524,4153.112,211595.33,1.0579406e+06,2025-01-03T06:00:20.544850944,2025-01-03T06:09:51.354305024,0.76,1.0
478.0,669.0855,708.2346,615.8524,3695.1147,149030.47,596102.75,2025-01-03T06:10:20.546484992,2025-01-03T06:19:51.358846976,0.85,1.0
394.0,610.15173,797.6867,549.98663,4399.8936,190746.23,1.1444465e+06,2025-01-03T06:20:20.546339072,2025-01-03T06:29:51.348612992,0.9,1.0
296.0,689.2491,791.53864,739.4828,3697.414,111952.06,447799.38,2025-01-03T06:30:20.546179072,2025-01-03T06:39:51.346515968,0.92,1.0
297.0,739.09344,1080.2804,836.3405,4181.7026,182762.17,731051.5,2025-01-03T06:40:20.547803008,2025-01-03T06:49:51.347465088,0.91,1.0
334.0,629.94763,700.3327,742.8382,4457.0293,221332.11,885269.9,2025-01-03T06:50:20.547604992,2025-01-03T06:59:51.356116992,0.9,1.0
360.0,573.40784,704.14404,730.1889,4381.1333,201689.58,1.00842475e+06,2025-01-03T07:00:20.547443072,2025-01-03T07:09:51.346845056,0.9,1.0
449.0,569.34827,687.15985,93.70381,562.2229,46303.95,232698.23,2025-01-03T07:10:20.549113088,2025-01-03T07:19:51.346638976,0.93,1.0
245.0,561.20874,663.69745,445.6864,2674.1187,155114.55,775664.1,2025-01-03T07:20:20.548963968,2025-01-03T07:29:51.346310016,0.9,1.0
124.0,589.63135,663.9876,596.065,4172.455,188088.88,1.1285308e+06,2025-01-03T07:30:20.548796032,2025-01-03T07:39:51.348862976,0.84,1.0
79.0,588.9608,675.1177,550.64197,3854.4937,205717.64,1.02860925e+06,2025-01-03T07:40:20.550413952,2025-01-03T07:49:51.349259008,0.89,1.0
52.0,622.95074,731.5564,514.3102,4114.4814,183653.81,1.103529e+06,2025-01-03T07:50:20.550248064,2025-01-03T07:59:51.350283008,0.8,1.0
79.0,607.4582,671.1901,509.72266,4077.7812,182160.11,1.0934672e+06,2025-01-03T08:00:20.550119936,2025-01-03T08:09:51.351984000,0.8,1.0
169.0,612.5438,678.5212,601.0848,3606.5085,157343.36,787555.25,2025-01-03T08:10:20.551789952,2025-01-03T08:19:51.350496000,0.84,1.0
226.0,618.5218,697.9904,831.508,4157.54,250211.83,1.000888e+06,2025-01-03T08:20:20.551645952,2025-01-03T08:29:51.354050048,0.82,1.0
232.0,562.2953,703.3007,586.86597,4108.0615,241519.47,1.2075855e+06,2025-01-03T08:30:20.553300992,2025-01-03T08:39:51.354916992,0.88,1.0
200.0,611.6304,722.9816,640.1102,3840.6614,149090.53,745418.1,2025-01-03T08:40:20.553150080,2025-01-03T08:49:51.356926976,0.85,1.0
251.0,619.2318,800.3617,449.93353,2699.601,108588.17,542903.5,2025-01-03T08:50:20.552999040,2025-01-03T08:59:51.356166016,0.8,1.0
334.0,585.7609,731.0221,185.92618,743.7047,62830.4,251260.83,2025-01-03T09:00:20.554652032,2025-01-03T09:09:51.355031040,0.84,1.0
419.0,642.6314,885.49097,131.59367,789.562,60382.867,304288.75,2025-01-03T09:10:20.554504960,2025-01-03T09:19:51.361129984,0.9,1.0
675.0,532.9485,683.4664,78.515205,628.12164,71582.81,429517.0,2025-01-03T09:20:20.554360960,2025-01-03T09:29:51.363821056,0.88,1.0
904.0,560.91254,690.0658,110.38673,551.9336,103294.88,309887.3,2025-01-03T09:30:20.556025088,2025-01-03T09:39:51.358011008,0.89,1.0
1013.0,485.4556,581.8513,61.451378,368.70825,103576.42,414260.38,2025-01-03T09:40:20.555892992,2025-01-03T09:49:51.361700992,0.93,1.0
1291.0,595.1814,703.24457,89.3929,1072.7147,42520.82,341229.56,2025-01-03T09:50:20.555768064,2025-01-03T09:59:51.354930048,0.86,1.0
560.0,613.0461,728.13617,319.61893,2876.5703,102811.87,411211.38,2025-01-03T10:00:20.557454976,2025-01-03T10:09:51.361969024,0.86,1.0
605.0,624.4688,759.9634,340.33902,3403.3901,108348.984,650630.5,2025-01-03T10:10:20.557347968,2025-01-03T10:19:51.361346048,0.83,1.0
346.0,635.5261,791.7731,406.00702,3654.063,107288.78,644288.56,2025-01-03T10:20:20.557252096,2025-01-03T10:29:51.359346048,0.8,1.0
214.0,592.64825,711.3608,357.26352,4287.162,112818.65,1.128188e+06,2025-01-03T10:30:20.558969984,2025-01-03T10:39:51.366515072,0.84,1.0
185.0,603.69855,652.94135,295.90686,4142.697,137980.55,1.1039064e+06,2025-01-03T10:40:20.558897024,2025-01-03T10:49:51.362285056,0.87,1.0
203.0,567.9163,715.6156,414.4047,4144.047,188976.8,1.322935e+06,2025-01-03T10:50:20.560640000,2025-01-03T10:59:51.369294976,0.8,1.0
159.0,583.3388,661.81805,509.51736,3566.6216,189453.38,757760.75,2025-01-03T11:00:20.560593024,2025-01-03T11:09:51.365687040,0.89,1.0
217.0,530.03424,648.05817,392.89374,3536.0435,219822.44,1.099102e+06,2025-01-03T11:10:20.560560000,2025-01-03T11:19:51.364276992,0.84,1.0
242.0,593.4723,779.45026,429.04044,3861.3635,160053.11,1.1217372e+06,2025-01-03T11:20:20.562343936,2025-01-03T11:29:51.363345024,0.87,1.0
178.0,590.7344,851.0527,326.09033,3586.9937,96723.34,773699.7,2025-01-03T11:30:20.562338944,2025-01-03T11:39:51.366647040,0.86,1.0
54.0,657.7252,936.31836,338.27692,3721.0464,97871.055,786993.4,2025-01-03T11:40:20.562348928,2025-01-03T11:49:51.367501056,0.77,1.0
43.0,650.27594,750.65894,449.92758,3599.4207,98975.51,494912.25,2025-01-03T11:50:20.564178048,2025-01-03T11:59:51.367138048,0.77,1.0
29.0,561.49744,737.89716,112.06915,1008.62244,49691.285,397538.8,2025-01-03T12:00:20.564221056,2025-01-03T12:09:51.371960064,0.77,1.0
29.0,573.3869,770.2993,213.29364,3625.992,66833.086,1.0037265e+06,2025-01-03T12:10:20.564280960,2025-01-03T12:19:51.361181056,0.67,1.0
33.0,608.0419,908.1184,160.2418,2563.869,59657.836,657971.3,2025-01-03T12:20:20.566158976,2025-01-03T12:29:51.366135040,0.66,1.0
16.0,564.9217,734.4624,124.55647,1121.0083,59288.848,355755.9,2025-01-03T12:30:20.566249984,2025-01-03T12:39:51.373085056,0.68,1.0
23.0,735.7164,1347.8431,261.32333,3919.8496,82561.47,831581.4,2025-01-03T12:40:20.566355968,2025-01-03T12:49:51.368355072,0.61,1.0
38.0,777.73553,1371.8497,280.74667,4772.6934,91587.695,920551.1,2025-01-03T12:50:20.568279936,2025-01-03T12:59:51.375859072,0.67,1.0
43.0,618.25116,835.92755,286.4549,4296.8228,76548.26,1.0716829e+06,2025-01-03T13:00:20.568415104,2025-01-03T13:09:51.371016064,0.69,1.0
15.0,719.3462,1101.1338,310.5978,2795.3801,47492.805,384525.38,2025-01-03T13:10:20.570366976,2025-01-03T13:19:51.370658944,0.67,1.0
27.0,530.59534,740.8098,165.2073,2478.1099,77369.97,1.0075566e+06,2025-01-03T13:20:20.570529024,2025-01-03T13:29:51.376185984,0.62,1.0
21.0,568.67865,873.74274,96.17565,1250.2834,45302.508,500496.25,2025-01-03T13:30:20.570705024,2025-01-03T13:39:51.373142016,0.67,1.0
29.0,518.0087,742.4305,169.27922,2708.4678,74373.79,1.04125394e+06,2025-01-03T13:40:20.572697088,2025-01-03T13:49:51.374503040,0.76,1.0
35.0,573.1329,799.45874,106.0241,2226.5059,60318.504,969553.0,2025-01-03T13:50:20.572896000,2025-01-03T13:59:51.377372032,0.72,1.0
35.0,558.7902,736.76636,233.71587,3973.1702,101470.766,1.4205494e+06,2025-01-03T14:00:20.573105024,2025-01-03T14:09:51.377820032,0.74,1.0
33.0,640.84033,963.24304,207.6371,4152.742,66166.81,1.0624255e+06,2025-01-03T14:10:20.575124992,2025-01-03T14:19:51.375053952,0.68,1.0
41.0,530.59314,696.46295,184.96677,4069.269,100441.45,1.5066285e+06,2025-01-03T14:20:20.575347968,2025-01-03T14:29:51.373918976,0.67,1.0
38.0,568.6175,1124.3302,196.04225,3724.803,99995.02,1.7029348e+06,2025-01-03T14:30:20.575577984,2025-01-03T14:39:51.378278016,0.7,1.0
47.0,541.498,752.32117,188.32312,4331.431,138369.97,2.2155572e+06,2025-01-03T14:40:20.577617024,2025-01-03T14:49:51.372510976,0.74,1.0
49.0,539.31024,955.3189,171.64595,4634.4404,112466.52,2.4766475e+06,2025-01-03T14:50:20.577857024,2025-01-03T14:59:51.382290048,0.69,1.0
58.0,562.39813,871.1911,194.2717,5051.064,101336.58,2.335942e+06,2025-01-03T15:00:20.578102016,2025-01-03T15:09:51.378779008,0.7,1.0
64.0,528.0328,855.427,167.47713,5024.314,95816.89,2.109365e+06,2025-01-03T15:10:20.580150912,2025-01-03T15:19:51.380753024,0.76,1.0
62.0,643.07764,2166.917,192.47023,5196.6963,117416.85,2.3530905e+06,2025-01-03T15:20:20.580398976,2025-01-03T15:29:51.387634048,0.76,1.0
64.0,565.56824,1264.345,162.66528,4717.293,111594.65,2.5701052e+06,2025-01-03T15:30:20.582448000,2025-01-03T15:39:51.385383040,0.75,1.0
63.0,597.73944,959.4031,166.08081,5314.586,91905.98,2.578519e+06,2025-01-03T15:40:20.582653056,2025-01-03T15:49:51.385421056,0.8,1.0
81.0,566.3462,980.0991,150.43954,5566.2637,80337.09,2.3318912e+06,2025-01-03T15:50:20.582841984,2025-01-03T15:59:51.381212032,0.71,1.0
84.0,557.809,1063.713,140.71011,5769.1147,74508.766,2.7587978e+06,2025-01-03T16:00:20.584835072,2025-01-03T16:09:51.382627072,0.79,1.0
90.0,591.4621,1215.5254,125.93453,5792.989,64266.645,2.4499342e+06,2025-01-03T16:10:20.585026944,2025-01-03T16:19:51.383960064,0.76,1.0
99.0,614.1508,1684.5983,116.66767,6183.3867,60548.598,2.926648e+06,2025-01-03T16:20:20.585219968,2025-01-03T16:29:51.387134976,0.71,1.0
99.0,581.68854,1299.224,112.56184,6753.7095,58715.44,3.1851165e+06,2025-01-03T16:30:20.587218048,2025-01-03T16:39:51.391785088,0.73,1.0
126.0,581.90466,1084.8098,113.087715,7124.5264,64722.086,3.4362568e+06,2025-01-03T16:40:20.587414016,2025-01-03T16:49:51.390141056,0.72,1.0
125.0,557.44684,1128.4276,101.983986,6424.99,87291.03,4.550935e+06,2025-01-03T16:50:20.587609088,2025-01-03T16:59:51.399924992,0.75,1.0
121.0,596.70685,1429.2836,102.31406,7059.669,69047.65,4.368455e+06,2025-01-03T17:00:20.589603968,2025-01-03T17:09:51.403123072,0.73,1.0
127.0,589.52203,1140.869,90.65805,6708.6963,54084.254,3.5346262e+06,2025-01-03T17:10:20.589793024,2025-01-03T17:19:51.391281024,0.71,1.0
135.0,595.2796,1510.8866,98.81494,7213.491,65492.027,4.4080175e+06,2025-01-03T17:20:20.589979008,2025-01-03T17:29:51.390233088,0.71,1.0
138.0,588.4999,1502.2549,48.711384,4286.6016,50386.95,4.1006625e+06,2025-01-03T17:30:20.591936896,2025-01-03T17:39:51.393437056,0.68,1.0
138.0,565.9018,1434.1187,47.39373,3696.711,61333.12,4.1223628e+06,2025-01-03T17:40:20.592062976,2025-01-03T17:49:51.395890048,0.72,1.0
136.0,590.8137,1385.1514,42.112503,3284.7751,55702.45,3.812316e+06,2025-01-03T17:50:20.593986048,2025-01-03T17:59:51.400148992,0.72,1.0
137.0,596.53644,1280.1548,44.117752,3132.3604,49630.254,3.1036935e+06,2025-01-03T18:00:20.365085056,2025-01-03T18:09:51.169458048,0.71,1.0
135.0,573.27704,876.73895,50.02253,3951.78,41488.547,2.954802e+06,2025-01-03T18:10:20.366998016,2025-01-03T18:19:51.165320064,0.72,1.0
136.0,558.6141,1210.2803,75.44953,5885.064,60074.723,4.333901e+06,2025-01-03T18:20:20.367100928,2025-01-03T18:29:51.167302016,0.71,1.0
137.0,603.47675,1457.956,75.12778,6761.5,44573.24,3.493449e+06,2025-01-03T18:30:20.367195008,2025-01-03T18:39:51.165870976,0.67,1.0
140.0,602.75653,1209.1215,75.888336,6222.844,53432.223,3.9211025e+06,2025-01-03T18:40:20.369081984,2025-01-03T18:49:51.171350016,0.71,1.0
128.0,602.1601,1336.7618,69.99076,5529.2705,45235.59,3.008893e+06,2025-01-03T18:50:20.369155968,2025-01-03T18:59:51.171987072,0.68,1.0
115.0,593.2576,1116.3009,81.15725,5356.3784,39452.664,2.184105e+06,2025-01-03T19:00:20.369218048,2025-01-03T19:09:51.170845056,0.67,1.0
128.0,602.6058,974.1411,71.55597,5438.2534,39863.496,2.4084488e+06,2025-01-03T19:10:20.371070976,2025-01-03T19:19:51.173864064,0.7,1.0
125.0,628.3417,1066.7748,69.783035,5303.5107,28270.947,1.8092462e+06,2025-01-03T19:20:20.371106944,2025-01-03T19:29:51.171145984,0.67,1.0
104.0,591.73315,898.53326,78.72362,5195.7583,44384.742,2.2310608e+06,2025-01-03T19:30:20.371130880,2025-01-03T19:39:51.172672000,0.67,1.0
119.0,631.0827,1012.57227,71.302536,5062.4795,29931.955,1.6426881e+06,2025-01-03T19:40:20.372946048,2025-01-03T19:49:51.175124992,0.71,1.0
132.0,636.10913,1606.7421,74.02175,6365.8706,32077.092,2.2724605e+06,2025-01-03T19:50:20.372946944,2025-01-03T19:59:51.172541056,0.68,1.0
115.0,638.32434,1166.0997,77.07244,6319.9395,25516.928,1.790926e+06,2025-01-03T20:00:20.372936064,2025-01-03T20:09:51.176019968,0.62,1.0
117.0,655.5069,1342.3414,80.52905,6361.7954,25569.78,1.6977864e+06,2025-01-03T20:10:20.374717952,2025-01-03T20:19:51.171501952,0.67,1.0
111.0,633.5704,1013.50714,76.71542,6520.811,23450.576,1.6659534e+06,2025-01-03T20:20:20.374688000,2025-01-03T20:29:51.176059008,0.6,1.0
114.0,643.5886,1185.1091,65.47839,5762.0986,23180.938,1.7046264e+06,2025-01-03T20:30:20.376454016,2025-01-03T20:39:51.180131968,0.6,1.0
103.0,667.83203,1345.0548,59.085396,4549.5757,18124.303,1.0877932e+06,2025-01-03T20:40:20.376411008,2025-01-03T20:49:51.179550976,0.59,1.0
98.0,686.49,1394.7417,76.089424,5478.4385,15205.663,886999.3,2025-01-03T20:50:20.376363008,2025-01-03T20:59:51.180078080,0.61,1.0
97.0,642.9015,1137.1676,68.23479,4776.434,16166.883,900622.44,2025-01-03T21:00:20.378114048,2025-01-03T21:09:51.180400000,0.66,1.0
82.0,618.8927,1089.9259,33.08031,2348.7021,20953.65,1.3131012e+06,2025-01-03T21:10:20.378060032,2025-01-03T21:19:51.181496064,0.56,1.0
72.0,652.4303,1931.9692,39.43821,2050.7869,27249.695,1.2520894e+06,2025-01-03T21:20:20.378004992,2025-01-03T21:29:51.183282048,0.66,1.0
62.0,668.744,1661.1556,74.25412,3564.1978,27119.488,999671.4,2025-01-03T21:30:20.379752960,2025-01-03T21:39:51.180968960,0.63,1.0
63.0,613.5313,930.72845,34.21963,1710.9816,18464.7,718870.06,2025-01-03T21:40:20.379700992,2025-01-03T21:49:51.182114048,0.64,1.0
63.0,673.0024,1664.59,86.746254,3730.0886,13155.409,451962.06,2025-01-03T21:50:20.379650944,2025-01-03T21:59:51.180173056,0.63,1.0
146.0,624.5686,1274.3549,91.98373,3587.3652,26992.246,819318.6,2025-01-03T22:00:20.381410048,2025-01-03T22:09:51.188061056,0.67,1.0
114.0,618.7837,1329.9001,109.99281,3189.7913,48124.625,1.1607718e+06,2025-01-03T22:10:20.381372032,2025-01-03T22:19:51.185191040,0.84,1.0
124.0,597.94025,894.52686,86.58454,2684.1208,46282.69,1.0715216e+06,2025-01-03T22:20:20.381340032,2025-01-03T22:29:51.182636032,0.83,1.0
149.0,571.7623,1035.0096,138.40167,2491.2302,68737.34,964114.2,2025-01-03T22:30:20.383120000,2025-01-03T22:39:51.183428992,0.91,1.0
126.0,581.3041,741.02966,35.002567,630.04626,35179.582,351790.75,2025-01-03T22:40:20.383104000,2025-01-03T22:49:51.187661056,0.91,1.0
290.0,676.3292,1134.217,153.47556,2455.609,18634.002,188425.33,2025-01-03T22:50:20.384900992,2025-01-03T22:59:51.194547968,0.84,1.0
349.0,556.8015,841.4484,57.232334,915.7174,27185.256,274590.06,2025-01-03T23:00:20.384904960,2025-01-03T23:09:51.187288064,0.8,1.0
365.0,571.2102,834.5461,48.11054,914.1003,25116.807,305213.66,2025-01-03T23:10:20.384897024,2025-01-03T23:19:51.194014976,0.85,1.0
473.0,569.289,1322.3789,134.75793,2425.6426,21690.803,281980.25,2025-01-03T23:20:20.386649984,2025-01-03T23:29:51.185196032,0.84,1.0
630.0,713.0166,1358.2579,173.50642,2255.5837,17379.332,105469.28,2025-01-03T23:30:20.386605056,2025-01-03T23:39:51.189059072,0.87,1.0
521.0,945.7775,1893.1792,225.26646,2928.4644,20133.658,127605.016,2025-01-03T23:40:20.386574080,2025-01-03T23:49:51.185384064,0.92,1.0
491.0,578.58105,829.5811,43.206913,475.27603,24615.031,147850.38,2025-01-03T23:50:20.388311936,2025-01-03T23:59:51.188086016,0.83,1.0
743.0,659.90186,838.6239,69.851494,628.6634,13591.208,72564.766,2025-01-04T00:00:20.388237952,2025-01-04T00:09:51.188078080,0.9,1.0
708.0,498.90213,595.3922,70.70058,707.0058,42822.734,257004.6,2025-01-04T00:10:20.388180992,2025-01-04T00:19:51.204853120,0.94,1.0
383.0,542.757,783.4745,38.507328,539.1026,26929.494,217623.12,2025-01-04T00:20:20.389924992,2025-01-04T00:29:51.194352000,0.94,1.0
350.0,524.56494,709.8323,38.61509,270.30563,44908.715,181011.88,2025-01-04T00:30:20.389835008,2025-01-04T00:39:51.194620032,0.91,1.0
435.0,548.5313,651.86523,34.49225,413.90698,21040.338,106042.78,2025-01-04T00:40:20.389761024,2025-01-04T00:49:51.187888000,0.88,1.0
377.0,690.72003,1086.6108,42.226444,422.2644,23623.654,97530.266,2025-01-04T00:50:20.391509120,2025-01-04T00:59:51.201513984,0.84,1.0
606.0,583.73395,935.31116,32.53855,357.92407,21827.424,132971.25,2025-01-04T01:00:20.391419008,2025-01-04T01:09:51.200612992,0.85,1.0
749.0,591.29047,766.2223,83.548935,1169.685,18891.914,152862.36,2025-01-04T01:10:20.393133952,2025-01-04T01:19:51.192278016,0.89,1.0
763.0,679.18286,1233.2236,51.055336,510.5533,18744.734,114799.21,2025-01-04T01:20:20.393064064,2025-01-04T01:29:51.196840064,0.89,1.0
734.0,626.48737,680.06824,39.606663,475.2799,10999.474,68088.54,2025-01-04T01:30:20.393008896,2025-01-04T01:39:51.193139968,0.93,1.0
994.0,599.5855,811.37024,81.264465,975.1736,25087.816,126897.94,2025-01-04T01:40:20.394720000,2025-01-04T01:49:51.192445952,0.9,1.0
1010.0,624.11774,662.96967,146.73253,1027.1277,25512.246,50990.902,2025-01-04T01:50:20.394630016,2025-01-04T01:59:51.199966976,0.92,1.0
654.0,699.974,988.80536,89.38932,804.50385,10579.367,34501.617,2025-01-04T02:00:20.394557056,2025-01-04T02:09:51.197280000,0.91,1.0
377.0,712.83795,1001.79456,43.627144,349.01715,10470.79,44538.64,2025-01-04T02:10:20.396306048,2025-01-04T02:19:51.197278080,0.91,1.0
366.0,581.84064,806.3453,38.608078,463.29694,22732.564,136325.16,2025-01-04T02:20:20.396268032,2025-01-04T02:29:51.200273024,0.89,1.0
373.0,684.854,851.1857,56.883118,568.8312,41018.156,168206.08,2025-01-04T02:30:20.396242048,2025-01-04T02:39:51.197196032,0.92,1.0
605.0,748.09125,984.6273,45.954826,321.68378,33840.137,139301.56,2025-01-04T02:40:20.398018048,2025-01-04T02:49:51.198753024,0.91,1.0
688.0,773.1669,1086.5397,40.540554,243.24332,77658.2,158620.6,2025-01-04T02:50:20.397950976,2025-01-04T02:59:51.200031104,0.92,1.0
740.0,704.27594,1084.8376,33.08044,330.8044,23620.08,123239.14,2025-01-04T03:00:20.397881984,2025-01-04T03:09:51.202360960,0.92,1.0
666.0,868.70874,1595.0077,37.064445,333.58005,6711.789,49855.52,2025-01-04T03:10:20.399623040,2025-01-04T03:19:51.209732096,0.9,1.0
917.0,936.0933,1105.7029,38.98535,155.9414,1443.0197,8000.0,2025-01-04T03:20:20.399566080,2025-01-04T03:29:51.204166016,0.89,1.0
1206.0,643.6911,982.6232,70.21233,772.3356,32740.46,201146.89,2025-01-04T03:30:20.401314944,2025-01-04T03:39:51.204722944,0.92,1.0
1104.0,769.46924,1057.9591,69.111176,760.22296,22992.863,122080.52,2025-01-04T03:40:20.401262080,2025-01-04T03:49:51.201841024,0.94,1.0
830.0,689.20514,944.14075,52.52706,525.2706,24530.88,150228.6,2025-01-04T03:50:20.401206016,2025-01-04T03:59:51.204254080,0.95,1.0
676.0,701.9423,1322.0413,67.52748,675.2749,22609.451,161912.08,2025-01-04T04:00:20.402951040,2025-01-04T04:09:51.202466048,0.94,1.0
691.0,843.3008,1508.0759,77.771255,699.94135,10184.911,56100.16,2025-01-04T04:10:20.402887040,2025-01-04T04:19:51.209501056,0.9,1.0
849.0,759.05725,800.0585,94.27712,565.6627,3666.1777,17036.66,2025-01-04T04:20:20.402814976,2025-01-04T04:29:51.204391040,0.89,1.0
931.0,683.21564,866.1981,101.93851,713.56964,81488.68,329010.34,2025-01-04T04:30:20.404539008,2025-01-04T04:39:51.203515008,0.93,1.0
776.0,736.6544,956.6047,43.12875,215.64375,39708.035,165461.98,2025-01-04T04:40:20.404449024,2025-01-04T04:49:51.207779968,0.94,1.0
622.0,539.7616,539.7616,37.815235,113.4457,18247.271,18269.32,2025-01-04T04:50:20.404346880,2025-01-04T04:59:51.201900032,0.89,1.0
757.0,596.3108,721.51447,57.886345,173.65903,41660.688,83310.3,2025-01-04T05:00:20.406035968,2025-01-04T05:09:51.211323008,0.87,1.0
879.0,448.40372,448.40372,51.12908,102.25816,115462.125,115471.44,2025-01-04T05:10:20.405908992,2025-01-04T05:19:51.215744000,0.89,1.0
668.0,549.993,686.56085,240.11021,2160.992,83607.76,501717.3,2025-01-04T05:20:20.405768960,2025-01-04T05:29:51.207435008,0.89,1.0
538.0,536.6911,604.61066,256.27335,1537.64,154806.12,619214.2,2025-01-04T05:30:20.407417088,2025-01-04T05:39:51.206326016,0.91,1.0
724.0,620.4404,773.81476,427.08517,3416.6814,114542.19,687218.44,2025-01-04T05:40:20.407249024,2025-01-04T05:49:51.211459072,0.88,1.0
586.0,625.8074,1099.4738,286.24582,2003.7205,100074.72,600382.94,2025-01-04T05:50:20.408871040,2025-01-04T05:59:51.219726976,0.9,1.0
686.0,607.1474,778.5935,432.1616,3025.1309,138604.16,831619.06,2025-01-04T06:00:20.637691008,2025-01-04T06:09:51.436132992,0.84,1.0
578.0,580.67816,644.0601,171.86903,1031.2141,143215.72,429652.03,2025-01-04T06:10:20.637483008,2025-01-04T06:19:51.443197056,0.89,1.0
687.0,533.88904,564.95154,124.83248,624.1624,99847.125,299581.7,2025-01-04T06:20:20.637304960,2025-01-04T06:29:51.439777024,0.91,1.0
501.0,682.2601,1035.5555,94.923615,474.61804,57168.7,231625.28,2025-01-04T06:30:20.638960000,2025-01-04T06:39:51.446127104,0.88,1.0
309.0,576.997,867.1308,91.50496,457.5248,95427.84,384136.25,2025-01-04T06:40:20.638801024,2025-01-04T06:49:51.438027008,0.79,1.0
369.0,614.82495,820.47736,98.450905,590.70544,98174.7,492777.94,2025-01-04T06:50:20.638622080,2025-01-04T06:59:51.440840064,0.86,1.0
407.0,655.89923,1065.238,102.454506,717.18146,87630.0,532390.25,2025-01-04T07:00:20.640229888,2025-01-04T07:09:51.440423040,0.87,1.0
490.0,624.8882,773.94165,114.767654,688.6059,103723.46,417004.47,2025-01-04T07:10:20.640077056,2025-01-04T07:19:51.441735040,0.9,1.0
430.0,569.60754,709.869,194.91405,779.65625,178014.28,534110.75,2025-01-04T07:20:20.639942016,2025-01-04T07:29:51.441081088,0.95,1.0
482.0,602.0487,667.2586,280.34192,841.0257,231174.42,462361.97,2025-01-04T07:30:20.641595008,2025-01-04T07:39:51.442417024,0.86,1.0
441.0,565.5861,740.3217,164.33154,821.6578,176085.11,704342.25,2025-01-04T07:40:20.641427968,2025-01-04T07:49:51.445721088,0.86,1.0
418.0,531.45905,537.8459,170.07487,850.3744,269369.12,538708.94,2025-01-04T07:50:20.641244032,2025-01-04T07:59:51.444355072,0.82,1.0
307.0,623.5181,714.6793,258.71002,776.13,230278.22,460593.56,2025-01-04T08:00:20.642849024,2025-01-04T08:09:51.449534976,0.84,1.0
193.0,627.0665,707.0917,243.39014,730.1705,178886.77,357781.28,2025-01-04T08:10:20.642668928,2025-01-04T08:19:51.448260992,0.86,1.0
248.0,534.78436,627.3156,220.65971,882.6388,129109.88,258261.92,2025-01-04T08:20:20.644331008,2025-01-04T08:29:51.442733056,0.82,1.0
320.0,646.9327,790.2709,108.21754,757.5227,31287.49,192182.84,2025-01-04T08:30:20.644194048,2025-01-04T08:39:51.452656000,0.82,1.0
437.0,545.9514,619.14716,114.19516,799.366,55039.53,275201.3,2025-01-04T08:40:20.644055936,2025-01-04T08:49:51.443448960,0.92,1.0
972.0,537.887,569.70276,190.5984,762.3937,154759.64,309485.12,2025-01-04T08:50:20.645720064,2025-01-04T08:59:51.452487040,0.81,1.0
765.0,712.10657,743.5222,134.31795,671.5897,38313.46,77395.24,2025-01-04T09:00:20.645581056,2025-01-04T09:09:51.447036032,0.89,1.0
672.0,866.1119,1209.768,140.29478,701.47394,101698.67,310802.0,2025-01-04T09:10:20.645444096,2025-01-04T09:19:51.453950080,0.91,1.0
703.0,812.3472,812.3472,40.87783,122.6335,1449.2853,4000.0,2025-01-04T09:20:20.647113984,2025-01-04T09:29:51.445058048,0.93,1.0
685.0,700.9615,778.4868,40.482975,121.44894,3912.8213,9463.52,2025-01-04T09:30:20.646983936,2025-01-04T09:39:51.453559040,0.93,1.0
570.0,848.4624,848.4624,51.139896,153.4197,3430.4219,4000.0,2025-01-04T09:40:20.646859008,2025-01-04T09:49:51.451851008,0.92,1.0
990.0,605.479,605.479,41.595737,207.9787,3695.8345,4000.0,2025-01-04T09:50:20.648545024,2025-01-04T09:59:51.443929984,0.79,1.0
421.0,695.37213,710.56647,34.628525,138.5141,3242.2905,12000.0,2025-01-04T10:00:20.648436992,2025-01-04T10:09:51.458664960,0.84,1.0
309.0,850.1457,1007.00684,34.970367,174.85185,1381.225,12000.0,2025-01-04T10:10:20.648337024,2025-01-04T10:19:51.453309056,0.87,1.0
367.0,667.7894,667.7894,29.890995,149.45499,2799.3237,4000.0,2025-01-04T10:20:20.650050944,2025-01-04T10:29:51.452775040,0.81,1.0
419.0,557.8871,557.8871,31.026697,155.13348,5612.5103,5585.48,2025-01-04T10:30:20.649971968,2025-01-04T10:39:51.453822080,0.78,1.0
229.0,815.8569,993.6507,62.330654,311.65326,2303.0542,12000.0,2025-01-04T10:40:20.651708032,2025-01-04T10:49:51.455778048,0.84,1.0
113.0,918.32294,1015.71094,46.618206,419.56384,1921.6787,8000.0,2025-01-04T10:50:20.651651968,2025-01-04T10:59:51.452190080,0.87,1.0
236.0,706.4302,894.6068,138.84682,416.54044,143152.73,289300.75,2025-01-04T11:00:20.651611008,2025-01-04T11:09:51.453860096,0.78,1.0
186.0,420.41907,420.41907,136.494,409.48203,63855.508,63882.36,2025-01-04T11:10:20.653387008,2025-01-04T11:19:51.454849024,0.86,1.0
58.0,544.13776,773.5747,139.78706,978.5095,108611.19,654472.2,2025-01-04T11:20:20.653373952,2025-01-04T11:29:51.454247040,0.81,1.0
60.0,567.3946,656.8522,345.28622,1381.1449,163225.55,490571.03,2025-01-04T11:30:20.653374976,2025-01-04T11:39:51.454931072,0.76,1.0
40.0,505.1419,642.03827,159.10527,1113.7368,111445.44,669680.94,2025-01-04T11:40:20.655192960,2025-01-04T11:49:51.454537088,0.81,1.0
13.0,514.91425,592.68176,277.39066,1109.5626,192380.95,577101.7,2025-01-04T11:50:20.655223040,2025-01-04T11:59:51.457540096,0.71,1.0
21.0,575.4356,575.4356,293.74963,881.2489,317296.0,317315.25,2025-01-04T12:00:20.655268992,2025-01-04T12:09:51.458703104,0.75,1.0
39.0,607.4467,673.10394,70.946594,567.57275,42553.633,172169.78,2025-01-04T12:10:20.657132928,2025-01-04T12:19:51.458515968,0.76,1.0
29.0,600.7826,657.03455,70.80906,424.8544,36035.91,144118.98,2025-01-04T12:20:20.657212032,2025-01-04T12:29:51.465180032,0.7,1.0
18.0,616.62317,960.2549,78.795334,787.9533,36182.633,291469.9,2025-01-04T12:30:20.657307008,2025-01-04T12:39:51.461881984,0.68,1.0
25.0,662.20593,806.48505,179.42097,897.1048,98499.24,394015.0,2025-01-04T12:40:20.659220992,2025-01-04T12:49:51.469179008,0.8,1.0
20.0,510.7917,672.26575,114.72224,1032.5001,69173.12,484179.75,2025-01-04T12:50:20.659347072,2025-01-04T12:59:51.459499008,0.71,1.0
11.0,514.6612,646.2925,43.921146,263.5269,74977.26,299947.56,2025-01-04T13:00:20.661290112,2025-01-04T13:09:51.464422016,0.8,1.0
14.0,535.91547,628.6017,45.351624,317.46136,63047.56,378196.53,2025-01-04T13:10:20.661443968,2025-01-04T13:19:51.465659008,0.77,1.0
19.0,494.93964,607.4549,41.198578,288.39005,93205.43,465946.75,2025-01-04T13:20:20.661609984,2025-01-04T13:29:51.464779008,0.85,1.0
23.0,571.5375,822.0623,47.716602,620.31586,73674.13,736818.44,2025-01-04T13:30:20.663591936,2025-01-04T13:39:51.465108992,0.75,1.0
18.0,640.5722,1485.7898,50.56899,606.8279,80407.516,729708.5,2025-01-04T13:40:20.663780992,2025-01-04T13:49:51.470790016,0.71,1.0
21.0,572.11816,842.5265,50.008823,600.1059,64343.3,583661.4,2025-01-04T13:50:20.663982080,2025-01-04T13:59:51.469027072,0.68,1.0
36.0,636.05695,1247.5348,53.705338,966.69604,74166.305,1.0434492e+06,2025-01-04T14:00:20.665995904,2025-01-04T14:09:51.469110016,0.69,1.0
53.0,637.5997,1028.3091,46.08778,1013.93115,35922.566,617795.7,2025-01-04T14:10:20.666214912,2025-01-04T14:19:51.469832960,0.77,1.0
61.0,674.0599,1355.5004,61.755093,1482.1222,96079.06,2.0363355e+06,2025-01-04T14:20:20.666441984,2025-01-04T14:29:51.471337984,0.76,1.0
81.0,607.3385,930.01575,63.280186,2024.9658,73002.85,2.0534202e+06,2025-01-04T14:30:20.668478976,2025-01-04T14:39:51.469954048,0.79,1.0
84.0,657.52435,1557.145,61.20232,2019.6764,55381.74,1.4495848e+06,2025-01-04T14:40:20.668717952,2025-01-04T14:49:51.469204992,0.8,1.0
73.0,551.9563,724.6048,64.3534,1608.835,64773.984,1.296795e+06,2025-01-04T14:50:20.668962048,2025-01-04T14:59:51.467373056,0.78,1.0
95.0,600.91675,964.4062,58.954323,2063.4014,60688.0,1.8911394e+06,2025-01-04T15:00:20.671012992,2025-01-04T15:09:51.472462080,0.78,1.0
109.0,601.7929,1008.9289,69.11571,2695.5125,72215.47,2.4645822e+06,2025-01-04T15:10:20.671262976,2025-01-04T15:19:51.477228032,0.8,1.0
111.0,562.9001,1000.4087,65.986626,2837.4248,58450.867,2.166316e+06,2025-01-04T15:20:20.671513984,2025-01-04T15:29:51.475769088,0.76,1.0
119.0,623.22815,1419.8907,63.50628,2603.7576,53592.5,2.101689e+06,2025-01-04T15:30:20.673567104,2025-01-04T15:39:51.478832000,0.83,1.0
87.0,564.2957,996.9243,65.34626,2940.582,67839.445,2.6543502e+06,2025-01-04T15:40:20.673808000,2025-01-04T15:49:51.477064064,0.73,1.0
66.0,661.91095,1530.9657,78.04726,2809.7014,60757.496,1.9618516e+06,2025-01-04T15:50:20.675814016,2025-01-04T15:59:51.475283072,0.71,1.0
73.0,559.12286,1024.1292,64.93828,2792.346,62916.39,2.4588485e+06,2025-01-04T16:00:20.676007936,2025-01-04T16:09:51.478973056,0.68,1.0
77.0,557.66864,1142.6854,61.225033,2632.6763,71913.57,2.883245e+06,2025-01-04T16:10:20.676203008,2025-01-04T16:19:51.476032000,0.74,1.0
87.0,538.1608,1051.1077,52.69602,3003.673,75786.37,3.9490012e+06,2025-01-04T16:20:20.678203008,2025-01-04T16:29:51.483356032,0.67,1.0
91.0,541.7275,882.1722,58.557243,3279.2056,76198.266,3.8912778e+06,2025-01-04T16:30:20.678398976,2025-01-04T16:39:51.478621056,0.7,1.0
118.0,546.12976,1117.5345,56.344097,3549.678,61891.26,3.5969375e+06,2025-01-04T16:40:20.678594944,2025-01-04T16:49:51.483182976,0.73,1.0
132.0,527.35,1208.1962,51.681717,4082.856,83090.32,6.15441e+06,2025-01-04T16:50:20.680593024,2025-01-04T16:59:51.480190976,0.71,1.0
160.0,558.3203,936.2457,52.26264,3553.86,64712.758,4.0223572e+06,2025-01-04T17:00:20.680786944,2025-01-04T17:09:51.481939968,0.78,1.0
184.0,549.8124,1281.7573,57.610786,4147.9766,58665.414,3.7024928e+06,2025-01-04T17:10:20.680977024,2025-01-04T17:19:51.480651008,0.8,1.0
179.0,535.9265,922.776,49.921097,3794.004,64348.266,4.6405945e+06,2025-01-04T17:20:20.682966016,2025-01-04T17:29:51.484665088,0.81,1.0
197.0,543.3051,1248.9872,47.084156,3672.5642,61901.51,4.588407e+06,2025-01-04T17:30:20.683143936,2025-01-04T17:39:51.487975040,0.79,1.0
198.0,555.3904,869.6107,44.92278,3593.822,52693.812,3.9129068e+06,2025-01-04T17:40:20.683275008,2025-01-04T17:49:51.483705088,0.76,1.0
212.0,552.6907,1034.1014,45.17594,4201.3623,51449.89,4.339032e+06,2025-01-04T17:50:20.685188992,2025-01-04T17:59:51.485888000,0.77,1.0
182.0,557.8236,978.9953,42.862232,3557.5652,40409.887,3.205964e+06,2025-01-04T18:00:20.458081024,2025-01-04T18:09:51.260441984,0.72,1.0
194.0,573.20386,1574.4886,45.61289,4196.3853,43214.414,3.6053455e+06,2025-01-04T18:10:20.458179968,2025-01-04T18:19:51.265348992,0.73,1.0
166.0,568.9691,1285.4393,46.792397,4211.3154,51166.555,4.1655572e+06,2025-01-04T18:20:20.458274048,2025-01-04T18:29:51.262116992,0.7,1.0
1833.0,606.37616,1223.9629,43.857204,921.0013,37906.89,497458.9,2025-01-04T22:50:20.475894016,2025-01-04T22:59:51.277860096,0.7,1.0
1545.0,561.77124,653.9192,40.434177,606.51263,21285.98,148923.34,2025-01-04T23:00:20.475886976,2025-01-04T23:09:51.281236992,0.93,1.0
1357.0,563.3346,618.96533,33.327694,566.5708,15580.247,140275.8,2025-01-04T23:10:20.477645952,2025-01-04T23:19:51.286594944,0.95,1.0
1259.0,635.88086,826.4462,41.565742,706.6176,29093.525,237319.66,2025-01-04T23:20:20.477600000,2025-01-04T23:29:51.280456960,0.95,1.0
1137.0,681.7147,967.4322,40.904453,490.85345,7454.3174,72953.88,2025-01-04T23:30:20.477568000,2025-01-04T23:39:51.278226048,0.93,1.0
1122.0,608.0861,808.64966,35.543083,604.2324,23227.256,305371.88,2025-01-04T23:40:20.479315968,2025-01-04T23:49:51.278978048,0.94,1.0
848.0,599.82477,803.3182,33.556313,570.45734,17973.18,236098.6,2025-01-04T23:50:20.479246080,2025-01-04T23:59:51.277848064,0.97,1.0
770.0,603.441,761.78796,44.105648,882.113,14875.34,193412.61,2025-01-05T00:00:20.479192064,2025-01-05T00:09:51.280182016,0.95,1.0
688.0,671.75006,956.43567,53.457394,908.7756,11787.51,156397.77,2025-01-05T00:10:20.480931968,2025-01-05T00:19:51.283475072,0.95,1.0
700.0,664.5544,932.4989,36.51854,438.22244,10560.584,89016.3,2025-01-05T00:20:20.480849024,2025-01-05T00:29:51.287089024,0.93,1.0
799.0,670.57794,990.21423,37.73456,528.2838,14355.027,164008.64,2025-01-05T00:30:20.480784000,2025-01-05T00:39:51.280590080,0.9,1.0
870.0,702.0502,965.89636,35.355835,494.98166,8825.714,103394.52,2025-01-05T00:40:20.482523008,2025-01-05T00:49:51.282829056,0.93,1.0
916.0,720.10016,879.7017,32.2845,387.414,4155.1313,37025.04,2025-01-05T00:50:20.482427904,2025-01-05T00:59:51.283235968,0.9,1.0
901.0,661.0776,787.2052,32.151012,321.5101,6413.6978,41013.42,2025-01-05T01:00:20.484148992,2025-01-05T01:09:51.290312960,0.91,1.0
1223.0,531.3721,630.0371,32.126995,321.26996,32477.95,162327.33,2025-01-05T01:10:20.484087936,2025-01-05T01:19:51.287639040,0.89,1.0
1388.0,555.31946,689.4163,27.826529,306.0918,16296.391,115323.37,2025-01-05T01:20:20.484009984,2025-01-05T01:29:51.288316032,0.9,1.0
1230.0,606.6014,765.21265,31.764418,349.4086,12407.313,50636.64,2025-01-05T01:30:20.485721984,2025-01-05T01:39:51.284306944,0.94,1.0
1330.0,657.826,1009.8803,32.4608,389.5296,15407.74,178765.81,2025-01-05T01:40:20.485648000,2025-01-05T01:49:51.295891968,0.93,1.0
1212.0,613.1413,808.55634,36.496124,401.4574,10210.775,52685.28,2025-01-05T01:50:20.485592960,2025-01-05T01:59:51.296723072,0.91,1.0
1078.0,672.04535,1105.9974,31.041176,341.45294,12590.703,93370.56,2025-01-05T02:00:20.487359104,2025-01-05T02:09:51.286132992,0.92,1.0
828.0,535.1874,585.2916,33.70626,235.94385,18609.059,55844.617,2025-01-05T02:10:20.487291008,2025-01-05T02:19:51.289625984,0.9,1.0
887.0,582.3624,757.8155,31.793211,254.3457,13193.752,79552.77,2025-01-05T02:20:20.487209984,2025-01-05T02:29:51.287353088,0.9,1.0
612.0,642.89496,1011.09314,33.12512,331.2512,17454.514,108701.22,2025-01-05T02:30:20.488945920,2025-01-05T02:39:51.288083968,0.95,1.0
464.0,613.7163,715.948,35.892323,215.35396,17012.383,52490.72,2025-01-05T02:40:20.488890112,2025-01-05T02:49:51.289852032,0.94,1.0
508.0,634.5743,960.4478,34.795963,347.9596,20471.506,167558.53,2025-01-05T02:50:20.488844928,2025-01-05T02:59:51.286872064,0.92,1.0
694.0,565.6097,672.19574,28.528582,171.1715,22932.824,93261.66,2025-01-05T03:00:20.490610944,2025-01-05T03:09:51.291076992,0.91,1.0
1052.0,629.3521,953.415,45.907887,367.26312,15495.161,94614.84,2025-01-05T03:10:20.490579968,2025-01-05T03:19:51.292687104,0.94,1.0
1391.0,578.73206,960.0877,28.289772,254.60796,25186.887,179474.33,2025-01-05T03:20:20.492353024,2025-01-05T03:29:51.292104064,0.93,1.0
1802.0,687.5625,1219.1404,37.197174,297.5774,11077.534,69735.0,2025-01-05T03:30:20.492321920,2025-01-05T03:39:51.295693056,0.93,1.0
1834.0,709.61255,892.99585,31.403168,314.03168,15330.997,98883.44,2025-01-05T03:40:20.492290048,2025-01-05T03:49:51.291952000,0.92,1.0
1289.0,526.9835,600.4387,38.92822,272.49756,25070.887,100274.36,2025-01-05T03:50:20.494055040,2025-01-05T03:59:51.294787072,0.97,1.0
1192.0,555.98596,682.4655,30.272297,211.90608,15957.888,79821.375,2025-01-05T04:00:20.494011008,2025-01-05T04:09:51.293086976,0.93,1.0
1359.0,597.09125,713.5307,31.862679,414.2148,12195.389,62929.914,2025-01-05T04:10:20.493960064,2025-01-05T04:19:51.295832960,0.93,1.0
1291.0,571.6451,654.25793,33.11549,231.80844,12067.065,36209.062,2025-01-05T04:20:20.495702016,2025-01-05T04:29:51.293297024,0.95,1.0
1373.0,684.6228,984.97766,35.500767,213.00461,12437.339,39806.88,2025-01-05T04:30:20.495630080,2025-01-05T04:39:51.298050048,0.95,1.0
1538.0,571.3777,690.0544,47.105,329.73502,14446.048,57771.3,2025-01-05T04:40:20.495547008,2025-01-05T04:49:51.294332032,0.95,1.0
1509.0,645.50214,799.0482,53.999336,377.9954,12630.637,63173.844,2025-01-05T04:50:20.497256064,2025-01-05T04:59:51.296092032,0.96,1.0
1466.0,705.1283,854.5371,52.010868,364.07605,13972.777,73113.58,2025-01-05T05:00:20.497148032,2025-01-05T05:09:51.297422976,0.96,1.0
1223.0,697.0504,867.38153,41.04336,328.3469,5089.8555,28781.121,2025-01-05T05:10:20.497025920,2025-01-05T05:19:51.301463040,0.94,1.0
1046.0,681.9885,814.4672,46.034584,368.27667,6392.673,25695.82,2025-01-05T05:20:20.498695040,2025-01-05T05:29:51.300708992,0.94,1.0
929.0,766.52997,1137.1594,45.795307,412.15778,6041.4985,43330.66,2025-01-05T05:30:20.498545024,2025-01-05T05:39:51.300855040,0.93,1.0
772.0,622.50397,785.7266,47.801323,430.21188,12691.991,63417.758,2025-01-05T05:40:20.500183040,2025-01-05T05:49:51.299949056,0.94,1.0
461.0,682.92566,747.48773,61.67817,308.39087,9078.271,18183.66,2025-01-05T05:50:20.500004096,2025-01-05T05:59:51.306408064,0.93,1.0
324.0,591.4377,681.37573,55.845844,335.07507,15573.651,46697.62,2025-01-05T06:00:20.728825984,2025-01-05T06:09:51.532921984,0.93,1.0
210.0,842.2462,842.2462,47.737812,286.42688,2274.0735,4000.0,2025-01-05T06:10:20.728616960,2025-01-05T06:19:51.531144064,0.82,1.0
239.0,669.07434,906.3524,57.942886,521.48596,214589.98,1.0740394e+06,2025-01-05T06:20:20.730208000,2025-01-05T06:29:51.528419072,0.85,1.0
264.0,663.584,970.9474,53.0519,424.41522,17205.621,70699.055,2025-01-05T06:30:20.730049920,2025-01-05T06:39:51.533287040,0.84,1.0
188.0,611.1604,781.9378,49.034454,441.31012,16048.289,98212.664,2025-01-05T06:40:20.729895040,2025-01-05T06:49:51.533928064,0.87,1.0
137.0,714.62366,882.7186,64.83598,518.68787,6667.1636,37623.22,2025-01-05T06:50:20.731526912,2025-01-05T06:59:51.531033984,0.84,1.0
198.0,625.5327,706.8741,46.921787,422.2961,7896.693,25598.54,2025-01-05T07:00:20.731341952,2025-01-05T07:09:51.529921024,0.82,1.0
347.0,nan,nan,67.89667,407.38,nan,0.0,2025-01-05T07:10:20.731204096,2025-01-05T07:19:51.535537024,0.89,1.0
969.0,483.01877,524.83875,51.951168,519.5117,39949.145,119873.62,2025-01-05T07:20:20.732877056,2025-01-05T07:29:51.540492032,0.81,1.0
1056.0,567.2385,587.7672,56.083195,392.58237,10370.655,31147.72,2025-01-05T07:30:20.732729984,2025-01-05T07:39:51.534806016,0.94,1.0
1017.0,603.56177,676.88904,46.587746,465.87747,6569.096,26854.44,2025-01-05T07:40:20.732563072,2025-01-05T07:49:51.537376000,0.94,1.0
1144.0,475.1391,475.1391,48.621677,243.10838,20763.242,20769.5,2025-01-05T07:50:20.734182016,2025-01-05T07:59:51.540024064,0.94,1.0
1223.0,476.3112,476.3112,43.89446,351.15567,22026.783,22050.08,2025-01-05T08:00:20.733984896,2025-01-05T08:09:51.539191040,0.96,1.0
1578.0,530.73145,530.73145,58.184143,349.10486,9772.67,9793.1,2025-01-05T08:10:20.735597056,2025-01-05T08:19:51.539752064,0.97,1.0
1916.0,552.17645,665.24164,44.836315,358.69052,11966.793,35965.14,2025-01-05T08:20:20.735460096,2025-01-05T08:29:51.537778048,0.97,1.0
1979.0,460.56894,460.56894,46.69873,373.58984,30400.518,30404.34,2025-01-05T08:30:20.735335040,2025-01-05T08:39:51.538691072,0.96,1.0
1101.0,416.26273,430.93457,63.547318,317.7366,532495.7,1.0649664e+06,2025-01-05T08:40:20.737010944,2025-01-05T08:49:51.540968960,0.86,1.0
334.0,nan,nan,52.210396,313.26242,nan,0.0,2025-01-05T08:50:20.736883072,2025-01-05T08:59:51.538722944,0.81,1.0
238.0,411.5395,411.5395,51.46327,257.31635,84704.336,84676.54,2025-01-05T09:00:20.736753024,2025-01-05T09:09:51.539152000,0.9,1.0
221.0,nan,nan,45.510532,273.0632,nan,0.0,2025-01-05T09:10:20.738425984,2025-01-05T09:19:51.537849984,0.9,1.0
286.0,587.83453,587.83453,59.544758,297.7238,25738.682,25708.879,2025-01-05T09:20:20.738296960,2025-01-05T09:29:51.539824000,0.87,1.0
397.0,nan,nan,58.22014,232.88055,nan,0.0,2025-01-05T09:30:20.738172032,2025-01-05T09:39:51.545266048,0.88,1.0
319.0,470.53598,498.28207,35.5955,284.764,32724.346,98164.74,2025-01-05T09:40:20.739855104,2025-01-05T09:49:51.537780096,0.89,1.0
552.0,497.1369,532.9516,42.435966,254.61578,25877.152,77639.16,2025-01-05T10:00:20.739631104,2025-01-05T10:09:51.542857984,0.84,1.0
412.0,578.34344,578.34344,39.387848,196.93924,7199.0273,7170.96,2025-01-05T10:10:20.741332096,2025-01-05T10:19:51.546434944,0.87,1.0
404.0,757.9715,993.4017,39.675713,396.7571,6129.577,15256.62,2025-01-05T10:20:20.741238912,2025-01-05T10:29:51.541852032,0.85,1.0
115.0,905.79675,905.79675,38.082733,304.66187,1971.503,4000.0,2025-01-05T10:30:20.742961024,2025-01-05T10:39:51.545115008,0.8,1.0
139.0,561.80145,838.36084,25.022089,225.1988,30789.41,155876.5,2025-01-05T10:40:20.742891008,2025-01-05T10:49:51.545523968,0.82,1.0
95.0,654.2024,755.19086,42.344467,338.75574,12842.185,39136.1,2025-01-05T10:50:20.742832000,2025-01-05T10:59:51.549170048,0.84,1.0
94.0,684.7742,846.0972,41.753326,334.0266,11657.662,37001.8,2025-01-05T11:00:20.744590976,2025-01-05T11:09:51.547977984,0.85,1.0
56.0,504.4856,747.9699,41.66378,333.31024,166678.1,1.0013265e+06,2025-01-05T11:10:20.744559104,2025-01-05T11:19:51.547118976,0.79,1.0
78.0,495.37283,709.4883,39.848866,398.48865,118695.72,830826.4,2025-01-05T11:30:20.746345088,2025-01-05T11:39:51.546920960,0.83,1.0
45.0,621.1096,973.5417,31.892796,287.03516,14868.711,76406.5,2025-01-05T11:40:20.746359040,2025-01-05T11:49:51.554656000,0.81,1.0
31.0,828.2378,828.2378,24.008282,144.04968,1820.4655,4000.0,2025-01-05T11:50:20.746390016,2025-01-05T11:59:51.552903040,0.84,1.0
21.0,636.97797,1165.2969,23.623993,188.99194,33644.72,207793.72,2025-01-05T12:00:20.748239104,2025-01-05T12:09:51.554179968,0.78,1.0
18.0,489.67502,587.2845,23.884275,119.42137,29485.32,117922.26,2025-01-05T12:10:20.748299904,2025-01-05T12:19:51.558145024,0.81,1.0
14.0,480.9711,515.4252,28.008497,112.03398,41064.34,82151.68,2025-01-05T12:20:20.748376960,2025-01-05T12:29:51.577774080,0.74,1.0
25.0,487.19733,528.9632,38.888805,272.22165,25830.895,103262.38,2025-01-05T12:30:20.750272000,2025-01-05T12:39:51.553298048,0.76,1.0
16.0,485.5732,590.76324,45.548237,364.3859,179776.94,1.07871e+06,2025-01-05T12:40:20.750379008,2025-01-05T12:49:51.554716032,0.71,1.0
20.0,565.8042,877.76135,42.948982,429.48978,138229.92,1.1070774e+06,2025-01-05T12:50:20.752305024,2025-01-05T12:59:51.549479040,0.63,1.0
21.0,487.62735,640.5609,35.69692,321.2723,53975.496,377842.25,2025-01-05T13:00:20.752443008,2025-01-05T13:09:51.558942976,0.75,1.0
22.0,544.50745,839.8761,38.446404,307.57123,25056.98,150289.58,2025-01-05T13:10:20.752595968,2025-01-05T13:19:51.556984960,0.69,1.0
19.0,490.2282,645.1436,40.659996,365.93997,59891.996,479166.34,2025-01-05T13:20:20.754564992,2025-01-05T13:29:51.562388992,0.64,1.0
22.0,511.44016,589.9923,45.910767,459.10767,124362.29,1.1193098e+06,2025-01-05T13:30:20.754744064,2025-01-05T13:39:51.552430080,0.66,1.0
16.0,519.27075,594.0999,68.22201,409.33203,170750.2,853779.5,2025-01-05T13:40:20.754934016,2025-01-05T13:49:51.557955072,0.67,1.0
22.0,504.13748,637.33435,48.66174,681.2643,104190.86,1.1460305e+06,2025-01-05T13:50:20.756937984,2025-01-05T13:59:51.560216960,0.63,1.0
23.0,521.73926,709.7413,61.738358,679.12195,134369.12,1.479835e+06,2025-01-05T14:00:20.757148928,2025-01-05T14:09:51.565165056,0.63,1.0
34.0,598.8298,1340.0897,51.097065,919.74713,77034.234,1.3930098e+06,2025-01-05T14:10:20.757367936,2025-01-05T14:19:51.560142080,0.72,1.0
38.0,563.3314,1199.2283,50.335716,906.04285,108072.555,1.8428838e+06,2025-01-05T14:20:20.759398016,2025-01-05T14:29:51.563379968,0.71,1.0
57.0,591.83264,1027.9302,57.12365,1085.3495,38868.336,704057.7,2025-01-05T14:30:20.759632896,2025-01-05T14:39:51.566305024,0.8,1.0
71.0,546.7392,987.79266,57.504475,1322.6028,79036.055,1.6615525e+06,2025-01-05T14:40:20.759873024,2025-01-05T14:49:51.561369984,0.77,1.0
77.0,630.1385,1760.114,75.53765,2568.2803,68531.19,2.2009542e+06,2025-01-05T14:50:20.761920000,2025-01-05T14:59:51.564327040,0.73,1.0
68.0,588.34125,1549.1139,62.313232,1869.397,55757.98,1.5133698e+06,2025-01-05T15:00:20.762167040,2025-01-05T15:09:51.564825984,0.72,1.0
65.0,597.9188,1160.384,71.94556,2158.3667,66652.39,1.5412508e+06,2025-01-05T15:10:20.764220032,2025-01-05T15:19:51.563315072,0.78,1.0
63.0,566.8503,864.13153,98.334335,2065.021,84109.45,1.2630744e+06,2025-01-05T15:20:20.764470016,2025-01-05T15:29:51.566758016,0.8,1.0
44.0,511.01807,944.8471,60.7899,1155.008,121288.39,1.6997768e+06,2025-01-05T15:30:20.764685056,2025-01-05T15:39:51.569001984,0.79,1.0
41.0,597.4935,1156.3942,43.251003,735.267,98729.2,1.2897719e+06,2025-01-05T15:40:20.766685952,2025-01-05T15:49:51.567364992,0.78,1.0
55.0,618.37036,1266.3345,47.3974,853.15326,28623.56,347045.9,2025-01-05T15:50:20.766883968,2025-01-05T15:59:51.570845056,0.76,1.0
38.0,611.25726,1511.5894,39.76025,596.4038,42499.5,557707.1,2025-01-05T16:00:20.767084928,2025-01-05T16:09:51.568158080,0.78,1.0
44.0,532.5141,948.4572,37.2559,745.11804,54025.816,869058.0,2025-01-05T16:10:20.769091968,2025-01-05T16:19:51.574787072,0.74,1.0
55.0,502.23987,641.75104,48.25846,1013.42773,66967.82,870620.25,2025-01-05T16:20:20.769299968,2025-01-05T16:29:51.572080000,0.74,1.0
87.0,531.51495,1142.0405,44.646038,1562.6115,55307.773,1.7730575e+06,2025-01-05T16:30:20.769508992,2025-01-05T16:39:51.578654080,0.83,1.0
89.0,523.75494,764.2659,36.68059,1210.4596,58718.133,1.5889602e+06,2025-01-05T16:40:20.771518976,2025-01-05T16:49:51.577126016,0.81,1.0
110.0,547.2487,844.4756,49.906128,1596.9961,58290.8,1.580118e+06,2025-01-05T16:50:20.771687936,2025-01-05T16:59:51.578446080,0.8,1.0
117.0,560.9829,2066.0925,52.464046,2203.4897,78311.836,2.9821428e+06,2025-01-05T17:00:20.771833984,2025-01-05T17:09:51.574643072,0.81,1.0
144.0,562.48413,1333.7627,42.494423,2082.2268,53892.31,2.328253e+06,2025-01-05T17:10:20.773782912,2025-01-05T17:19:51.583441024,0.82,1.0
121.0,569.2608,1438.9524,43.318104,2165.9053,61742.84,2.8532168e+06,2025-01-05T17:20:20.773931008,2025-01-05T17:29:51.581699072,0.78,1.0
138.0,523.7146,733.3807,53.692436,2953.084,68115.51,3.5433255e+06,2025-01-05T17:30:20.775884032,2025-01-05T17:39:51.579467008,0.76,1.0
123.0,542.1217,912.4944,48.608185,2624.842,56720.06,2.9576492e+06,2025-01-05T17:40:20.776032000,2025-01-05T17:49:51.580400000,0.75,1.0
133.0,555.56537,813.9272,44.48897,1913.0258,43057.758,1.555687e+06,2025-01-05T17:50:20.776178048,2025-01-05T17:59:51.579030016,0.76,1.0
127.0,614.3353,1374.8058,57.783653,2831.3987,40496.324,1.8328629e+06,2025-01-05T18:00:20.549106048,2025-01-05T18:09:51.353517952,0.77,1.0
146.0,538.1769,1008.4992,50.007317,2600.3804,59170.816,2.7843455e+06,2025-01-05T18:10:20.549240960,2025-01-05T18:19:51.353248000,0.8,1.0
148.0,529.8216,913.1123,47.083237,2542.4949,59981.223,3.0063608e+06,2025-01-05T18:20:20.551170944,2025-01-05T18:29:51.351073024,0.76,1.0
139.0,531.77484,978.7673,48.923058,2201.5376,68359.07,2.7377465e+06,2025-01-05T18:30:20.551284992,2025-01-05T18:39:51.352928000,0.78,1.0
147.0,524.2107,803.192,37.0845,1928.394,53955.31,2.5937582e+06,2025-01-05T18:40:20.551388928,2025-01-05T18:49:51.350596992,0.79,1.0
161.0,555.2778,998.26263,45.491673,2229.0923,46973.836,2.0748562e+06,2025-01-05T18:50:20.553284096,2025-01-05T18:59:51.360033024,0.77,1.0
105.0,547.20575,912.7232,48.75904,2437.9521,59102.67,2.3711958e+06,2025-01-05T19:00:20.553361024,2025-01-05T19:09:51.354045056,0.71,1.0
104.0,557.5709,806.04834,44.113068,2073.3142,52938.836,2.123739e+06,2025-01-05T19:10:20.553424896,2025-01-05T19:19:51.357974016,0.73,1.0
107.0,593.3867,1104.5322,47.91932,2827.24,43918.69,2.0358406e+06,2025-01-05T19:20:20.555277952,2025-01-05T19:29:51.357511040,0.63,1.0
97.0,548.6703,873.5992,37.6026,1804.9247,29721.297,1.105325e+06,2025-01-05T19:30:20.555313920,2025-01-05T19:39:51.359168000,0.74,1.0
115.0,571.3105,1293.3103,42.683277,2134.1638,44055.484,1.8150335e+06,2025-01-05T19:40:20.555335936,2025-01-05T19:49:51.364678016,0.72,1.0
85.0,561.32745,980.1664,40.44201,2183.8684,38954.08,1.7612114e+06,2025-01-05T19:50:20.557149056,2025-01-05T19:59:51.356184064,0.7,1.0
91.0,564.8873,997.0146,38.12233,2249.2178,36449.984,1.8001399e+06,2025-01-05T20:00:20.557147008,2025-01-05T20:09:51.358592000,0.68,1.0
84.0,573.451,1054.07,45.283863,2581.1802,34428.03,1.6611911e+06,2025-01-05T20:10:20.558936960,2025-01-05T20:19:51.362142976,0.62,1.0
73.0,563.4504,788.50867,41.340656,1860.3293,28533.484,1.0862745e+06,2025-01-05T20:20:20.558913920,2025-01-05T20:29:51.360467968,0.62,1.0
87.0,587.1749,912.8359,52.827732,2694.214,27035.24,1.2738099e+06,2025-01-05T20:30:20.558881024,2025-01-05T20:39:51.360247040,0.67,1.0
150.0,596.0212,1178.2351,59.80044,3408.6252,27842.988,1.3423878e+06,2025-01-05T20:40:20.560644992,2025-01-05T20:49:51.360082048,0.65,1.0
66.0,621.8361,1626.108,51.82343,2746.6416,26381.594,1.1741206e+06,2025-01-05T20:50:20.560598912,2025-01-05T20:59:51.362809984,0.57,1.0
91.0,581.288,958.42255,45.88828,2707.4084,28297.5,1.4559804e+06,2025-01-05T21:00:20.560548992,2025-01-05T21:09:51.364932992,0.66,1.0
78.0,645.7251,1517.3702,48.749786,2973.7368,26296.473,1.4768588e+06,2025-01-05T21:10:20.562299904,2025-01-05T21:19:51.362486016,0.59,1.0
153.0,624.87506,1367.5345,40.015602,2280.8894,19930.197,975775.9,2025-01-05T21:20:20.562244992,2025-01-05T21:29:51.368332032,0.65,1.0
132.0,632.38116,1423.4607,37.309788,1716.2501,20871.54,791156.0,2025-01-05T21:30:20.562190976,2025-01-05T21:39:51.366301952,0.81,1.0
123.0,576.51324,1186.1627,31.351028,1128.637,22254.125,606755.44,2025-01-05T21:40:20.563942016,2025-01-05T21:49:51.366359040,0.81,1.0
86.0,629.6363,1469.1597,30.025433,1291.0936,30954.848,1.0976299e+06,2025-01-05T21:50:20.563892992,2025-01-05T21:59:51.363852032,0.7,1.0
83.0,684.40967,1839.0935,32.80654,1410.6812,15919.52,550627.7,2025-01-05T22:00:20.563846912,2025-01-05T22:09:51.368318976,0.68,1.0
176.0,629.7441,1150.4341,40.01738,1480.6427,21896.38,736494.7,2025-01-05T22:10:20.565611008,2025-01-05T22:19:51.367006976,0.71,1.0
360.0,637.60156,1093.6975,32.597187,1369.0819,17463.82,699514.7,2025-01-05T22:20:20.565579008,2025-01-05T22:29:51.371824000,0.82,1.0
718.0,570.0806,1144.7173,34.006935,1122.2289,39679.582,1.077887e+06,2025-01-05T22:30:20.567356032,2025-01-05T22:39:51.371731072,0.81,1.0
1460.0,623.9309,934.3327,35.788597,1109.4465,25732.973,681724.5,2025-01-05T22:40:20.567338880,2025-01-05T22:49:51.376690048,0.82,1.0
1687.0,633.8076,916.3232,32.76276,1081.171,25226.092,644002.56,2025-01-05T22:50:20.567330048,2025-01-05T22:59:51.380323968,0.95,1.0
2285.0,672.48175,1205.2164,38.628513,1158.8555,18333.715,453708.66,2025-01-05T23:00:20.569132032,2025-01-05T23:09:51.368705024,0.88,1.0
1575.0,565.5417,840.6717,36.83567,1141.9059,33338.59,872287.06,2025-01-05T23:10:20.569095936,2025-01-05T23:19:51.367128064,0.97,1.0
1530.0,623.272,822.4321,35.84986,609.44763,16466.13,234732.39,2025-01-05T23:20:20.569044992,2025-01-05T23:29:51.370804992,0.94,1.0
1287.0,705.2977,1017.3573,32.651268,620.37415,7170.818,121223.92,2025-01-05T23:30:20.570808960,2025-01-05T23:39:51.374801024,0.95,1.0
925.0,670.5953,915.876,34.03955,748.8702,16072.248,286735.28,2025-01-05T23:40:20.570772096,2025-01-05T23:49:51.373118976,0.94,1.0
1061.0,709.40173,1050.6906,27.45261,521.5996,16732.793,251684.81,2025-01-05T23:50:20.570695936,2025-01-05T23:59:51.373664000,0.91,1.0
1367.0,637.0562,864.98755,26.720882,374.09238,13644.693,127835.875,2025-01-06T00:00:20.572428928,2025-01-06T00:09:51.375650048,0.91,1.0
1262.0,613.9305,793.6918,31.499271,440.98978,12615.886,118201.04,2025-01-06T00:10:20.572376960,2025-01-06T00:19:51.375553024,0.94,1.0
1149.0,580.8965,715.0352,43.164055,604.2968,16268.78,98883.44,2025-01-06T00:20:20.572291968,2025-01-06T00:29:51.371785088,0.95,1.0
1215.0,663.46967,1381.0238,26.058542,416.93665,19108.617,199706.62,2025-01-06T00:30:20.574007040,2025-01-06T00:39:51.375550080,0.95,1.0
1175.0,660.0174,1062.2056,25.642246,282.06473,10487.822,76784.0,2025-01-06T00:40:20.573938944,2025-01-06T00:49:51.380475008,0.97,1.0
1025.0,614.1037,791.1982,27.975332,419.62997,23994.979,217598.44,2025-01-06T00:50:20.575677952,2025-01-06T00:59:51.376551040,0.95,1.0
995.0,594.17145,801.6202,28.124271,337.49124,21947.742,178291.02,2025-01-06T01:00:20.575582080,2025-01-06T01:09:51.378009984,0.94,1.0
857.0,624.99835,768.4349,32.472744,357.20016,13041.091,92394.88,2025-01-06T01:10:20.575497088,2025-01-06T01:19:51.377678976,0.92,1.0
917.0,649.2884,782.3539,26.270037,236.43033,6873.2485,53367.68,2025-01-06T01:20:20.577236096,2025-01-06T01:29:51.379238016,0.9,1.0
795.0,601.2196,688.5988,31.638672,189.83203,13490.5625,40477.66,2025-01-06T01:30:20.577159040,2025-01-06T01:39:51.379474944,0.92,1.0
955.0,576.14484,661.41736,30.360924,121.443695,12386.126,37184.74,2025-01-06T01:40:20.577064064,2025-01-06T01:49:51.379228032,0.93,1.0
1120.0,704.9689,1057.3861,27.861967,222.89575,5412.1113,39184.02,2025-01-06T01:50:20.578788992,2025-01-06T01:59:51.380552064,0.89,1.0
950.0,609.16235,662.322,42.92856,171.71423,10971.568,32916.14,2025-01-06T02:00:20.578729088,2025-01-06T02:09:51.381510016,0.96,1.0
923.0,597.59937,683.0297,33.182632,199.09578,9877.68,41306.703,2025-01-06T02:10:20.578685056,2025-01-06T02:19:51.381458048,0.94,1.0
982.0,633.9874,714.9828,39.964863,199.82433,10969.642,21903.44,2025-01-06T02:20:20.580459008,2025-01-06T02:29:51.383362048,0.91,1.0
1061.0,673.52905,759.0733,36.476955,182.38478,7136.1973,23769.14,2025-01-06T02:30:20.580407936,2025-01-06T02:39:51.381524992,0.92,1.0
932.0,613.97845,808.2389,35.297913,247.08539,14462.0625,73723.375,2025-01-06T02:40:20.580327936,2025-01-06T02:49:51.383491072,0.94,1.0
772.0,612.0712,689.391,31.500877,157.5044,9511.943,28525.582,2025-01-06T02:50:20.582056960,2025-01-06T02:59:51.381181056,0.96,1.0
635.0,586.9326,673.9917,28.880268,202.16188,12181.044,36574.94,2025-01-06T03:00:20.581992960,2025-01-06T03:09:51.379332992,0.93,1.0
304.0,710.99554,829.4403,35.65867,178.29333,6699.071,22366.602,2025-01-06T03:10:20.583737984,2025-01-06T03:19:51.383614976,0.94,1.0
369.0,613.1939,646.409,36.756104,110.26831,11777.018,23549.898,2025-01-06T03:20:20.583683968,2025-01-06T03:29:51.383762048,0.92,1.0
393.0,749.6853,854.7949,53.71634,214.86536,6284.064,19317.6,2025-01-06T03:30:20.583632000,2025-01-06T03:39:51.386674048,0.9,1.0
184.0,589.2275,665.8141,23.11358,161.79506,8151.5825,32647.54,2025-01-06T03:40:20.585382016,2025-01-06T03:49:51.391385984,0.87,1.0
195.0,659.6516,720.1123,35.132557,140.53023,9206.169,18427.58,2025-01-06T03:50:20.585325056,2025-01-06T03:59:51.393123072,0.87,1.0
236.0,663.71265,717.1317,39.076508,117.22952,7594.2485,24317.96,2025-01-06T04:00:20.585262976,2025-01-06T04:09:51.387516032,0.85,1.0
244.0,643.52704,704.88165,37.673046,150.69218,10071.922,20135.02,2025-01-06T04:10:20.586998016,2025-01-06T04:19:51.389608064,0.81,1.0
314.0,592.15906,680.4595,40.246216,160.98486,14807.691,44441.36,2025-01-06T04:20:20.586922112,2025-01-06T04:29:51.389422976,0.82,1.0
191.0,648.03094,709.9057,35.845367,143.38147,8720.898,27793.82,2025-01-06T04:30:20.586836992,2025-01-06T04:39:51.386427008,0.79,1.0
265.0,647.4362,709.0479,39.691948,119.07584,10187.479,20378.94,2025-01-06T04:40:20.588543104,2025-01-06T04:49:51.393166976,0.81,1.0
331.0,623.48126,675.6684,43.14966,86.29931,10513.129,21049.719,2025-01-06T04:50:20.588435072,2025-01-06T04:59:51.393463040,0.9,1.0
314.0,579.2122,601.18427,33.678738,67.35748,12994.102,25989.102,2025-01-06T05:00:20.588314112,2025-01-06T05:09:51.387307008,0.92,1.0
291.0,579.20776,614.7539,33.67778,67.35556,13257.978,26537.918,2025-01-06T05:10:20.589982080,2025-01-06T05:19:51.391141120,0.94,1.0
227.0,561.57965,676.86804,33.944504,135.77802,72556.21,292605.28,2025-01-06T05:20:20.589831936,2025-01-06T05:29:51.395560064,0.92,1.0
140.0,765.97723,1060.259,39.733673,119.20102,8137.2974,27732.84,2025-01-06T05:30:20.591473024,2025-01-06T05:39:51.391078016,0.88,1.0
216.0,720.56573,875.12787,51.37403,256.87015,7781.288,26452.26,2025-01-06T05:40:20.591294976,2025-01-06T05:49:51.392760064,0.8,1.0
335.0,619.6205,671.21674,36.689457,110.06837,10207.959,30598.9,2025-01-06T05:50:20.591102976,2025-01-06T05:59:51.393710080,0.83,1.0
330.0,615.1421,705.205,36.231163,108.6935,13588.072,41636.28,2025-01-06T06:00:20.819915008,2025-01-06T06:09:51.621168000,0.82,1.0
108.0,606.36993,651.28156,30.885433,123.54173,8770.288,35208.7,2025-01-06T06:10:20.821549952,2025-01-06T06:19:51.622680960,0.79,1.0
146.0,636.4329,662.775,35.941254,107.82375,10369.791,20683.84,2025-01-06T06:20:20.821406976,2025-01-06T06:29:51.623056000,0.84,1.0
139.0,631.22974,703.59906,33.14266,99.42797,10002.11,31574.578,2025-01-06T06:30:20.821249024,2025-01-06T06:39:51.626898048,0.85,1.0
91.0,606.1287,696.04297,42.052666,168.21066,14352.161,28733.2,2025-01-06T06:40:20.822876032,2025-01-06T06:49:51.623092992,0.92,1.0
77.0,594.4972,730.387,34.891552,174.45776,23851.695,120738.96,2025-01-06T06:50:20.822700928,2025-01-06T06:59:51.627688960,0.93,1.0
82.0,615.79224,709.3477,33.724228,168.62112,23052.102,46112.5,2025-01-06T07:00:20.822561024,2025-01-06T07:09:51.626363008,0.85,1.0
207.0,544.0667,664.7902,37.536705,187.6835,28441.23,113750.94,2025-01-06T07:10:20.824215040,2025-01-06T07:19:51.622120064,0.81,1.0
209.0,566.0702,683.20667,33.14061,165.70305,16769.008,67101.24,2025-01-06T07:20:20.824044032,2025-01-06T07:29:51.627529088,0.82,1.0
354.0,553.9991,649.32697,39.372837,118.11851,26364.887,79138.984,2025-01-06T07:30:20.823853056,2025-01-06T07:39:51.638125952,0.82,1.0
412.0,550.0591,669.253,31.025608,93.07683,22353.404,67064.94,2025-01-06T07:40:20.825464960,2025-01-06T07:49:51.634269056,0.88,1.0
301.0,542.65643,568.1754,25.53687,102.14747,17160.84,34343.36,2025-01-06T07:50:20.825321984,2025-01-06T07:59:51.627339008,0.9,1.0
260.0,546.4354,658.38806,26.224802,131.12401,17028.432,68137.9,2025-01-06T08:00:20.826980992,2025-01-06T08:09:51.627561984,0.88,1.0
254.0,590.9158,662.16077,38.972607,194.86304,13952.054,27940.46,2025-01-06T08:10:20.826824960,2025-01-06T08:19:51.628541056,0.87,1.0
259.0,567.00037,706.92035,44.77336,268.64017,24815.54,99298.67,2025-01-06T08:20:20.826658944,2025-01-06T08:29:51.628573952,0.88,1.0
625.0,563.74115,673.9203,27.18385,135.91925,13948.266,55819.94,2025-01-06T08:30:20.828291072,2025-01-06T08:39:51.632665984,0.86,1.0
584.0,546.66846,668.352,21.531298,129.18779,23233.004,69687.08,2025-01-06T08:40:20.828119040,2025-01-06T08:49:51.630804992,0.9,1.0
602.0,598.8139,704.10046,26.44888,132.2444,10085.745,30294.0,2025-01-06T08:50:20.827947008,2025-01-06T08:59:51.627995008,0.9,1.0
676.0,594.9206,784.9408,36.76186,183.80931,15828.5,63320.477,2025-01-06T09:00:20.829581056,2025-01-06T09:09:51.633165056,0.86,1.0
701.0,632.74255,769.3599,40.37166,121.11497,8575.227,25659.52,2025-01-06T09:10:20.829414912,2025-01-06T09:19:51.631396992,0.83,1.0
573.0,633.8189,725.5601,35.220894,176.10446,12327.866,24647.541,2025-01-06T09:20:20.829255040,2025-01-06T09:29:51.631330048,0.88,1.0
681.0,594.33966,778.0158,32.775143,163.87572,10471.34,41855.523,2025-01-06T09:30:20.830903040,2025-01-06T09:39:51.628967040,0.85,1.0
503.0,643.05365,759.0127,52.72632,316.3579,10032.425,51038.82,2025-01-06T09:40:20.830755968,2025-01-06T09:49:51.632974080,0.86,1.0
556.0,557.89484,737.81244,31.21227,156.06137,8587.328,25806.16,2025-01-06T09:50:20.830616960,2025-01-06T09:59:51.628855040,0.86,1.0
604.0,635.061,708.87537,39.601364,118.804085,11357.74,22757.16,2025-01-06T10:00:20.832290048,2025-01-06T10:09:51.638990080,0.89,1.0
309.0,620.1303,695.9736,38.140667,114.42199,12581.52,25135.379,2025-01-06T10:10:20.832169984,2025-01-06T10:19:51.632868992,0.87,1.0
448.0,606.685,761.41235,34.087563,136.35025,10009.952,30050.08,2025-01-06T10:20:20.833863040,2025-01-06T10:29:51.636859008,0.84,1.0
342.0,609.2555,681.92523,30.249306,211.74515,7166.662,21537.56,2025-01-06T10:30:20.833763968,2025-01-06T10:39:51.642395008,0.88,1.0
231.0,695.6071,806.8542,36.292236,181.4612,7932.7466,25842.46,2025-01-06T10:40:20.833677952,2025-01-06T10:49:51.635539072,0.73,1.0
72.0,597.17,741.75134,33.747295,236.23106,14155.922,42490.0,2025-01-06T10:50:20.835409024,2025-01-06T10:59:51.634876032,0.8,1.0
77.0,575.3405,712.59503,26.646334,186.52434,15929.227,47734.28,2025-01-06T11:00:20.835350016,2025-01-06T11:09:51.641470976,0.78,1.0
172.0,582.71985,753.96326,39.518215,158.07286,18420.945,55295.797,2025-01-06T11:10:20.835304960,2025-01-06T11:19:51.637297024,0.8,1.0
129.0,514.02826,687.4155,32.961136,230.72795,51659.49,206648.16,2025-01-06T11:20:20.837076992,2025-01-06T11:29:51.640665984,0.77,1.0
215.0,608.6165,709.62823,32.37163,323.7163,9673.916,58148.797,2025-01-06T11:30:20.837059968,2025-01-06T11:39:51.644796032,0.77,1.0
250.0,587.0201,730.6867,36.21298,289.70386,16304.055,81528.82,2025-01-06T11:40:20.837057920,2025-01-06T11:49:51.641588992,0.82,1.0
30.0,628.9952,876.0191,42.68091,341.44727,21856.693,155570.17,2025-01-06T11:50:20.838873984,2025-01-06T11:59:51.645048064,0.78,1.0
29.0,593.6762,796.6021,51.160255,358.12177,30375.65,182182.12,2025-01-06T12:00:20.838902912,2025-01-06T12:09:51.644435968,0.78,1.0
28.0,606.3444,729.8741,39.72282,436.95105,22929.06,138581.42,2025-01-06T12:10:20.838950016,2025-01-06T12:19:51.645539072,0.72,1.0
27.0,607.7579,754.8512,39.046707,351.42038,16445.594,82199.6,2025-01-06T12:20:20.840817024,2025-01-06T12:29:51.641059072,0.69,1.0
16.0,619.60675,793.1109,45.678173,319.74722,20307.072,102932.805,2025-01-06T12:30:20.840897024,2025-01-06T12:39:51.638391040,0.64,1.0
13.0,584.51263,746.454,40.30578,322.44623,28144.959,168888.48,2025-01-06T12:40:20.842796032,2025-01-06T12:49:51.643900928,0.67,1.0
20.0,527.63257,738.57416,38.456554,269.1959,56967.203,341766.78,2025-01-06T12:50:20.842907008,2025-01-06T12:59:51.649137024,0.72,1.0
23.0,568.77026,754.95917,33.816288,439.61172,31845.766,288945.03,2025-01-06T13:00:20.843032960,2025-01-06T13:09:51.643494016,0.6,1.0
25.0,636.45654,1578.7789,37.732555,452.79065,48053.332,435967.8,2025-01-06T13:10:20.844976000,2025-01-06T13:19:51.645246080,0.65,1.0
38.0,487.21204,661.72925,30.816353,493.06165,73584.86,882999.2,2025-01-06T13:20:20.845129984,2025-01-06T13:29:51.647544064,0.72,1.0
15.0,486.916,648.9258,34.78534,347.85342,84489.67,675973.5,2025-01-06T13:30:20.845298048,2025-01-06T13:39:51.646551040,0.59,1.0
26.0,481.873,683.9191,32.794918,459.1288,96961.664,1.0665126e+06,2025-01-06T13:40:20.847282048,2025-01-06T13:49:51.650276992,0.66,1.0
35.0,527.8458,750.8716,35.368477,495.15866,118089.37,828911.4,2025-01-06T13:50:20.847473024,2025-01-06T13:59:51.649255936,0.69,1.0
37.0,597.0746,1125.071,39.44044,591.6066,97048.02,1.0728546e+06,2025-01-06T14:00:20.847676032,2025-01-06T14:09:51.654273024,0.8,1.0
42.0,564.7256,1218.8507,41.226337,865.7531,88425.23,1.506823e+06,2025-01-06T14:10:20.849691008,2025-01-06T14:19:51.658022016,0.69,1.0
52.0,625.068,1853.0397,33.592896,705.45087,31141.008,597500.94,2025-01-06T14:20:20.849910912,2025-01-06T14:29:51.655755008,0.78,1.0
54.0,511.63947,687.67523,39.199833,705.597,78237.95,1.1737996e+06,2025-01-06T14:30:20.850137984,2025-01-06T14:39:51.650052992,0.79,1.0
60.0,567.714,1126.0248,36.14872,831.42053,64740.344,1.1718354e+06,2025-01-06T14:40:20.852174080,2025-01-06T14:49:51.651017984,0.78,1.0
88.0,504.52347,725.0793,35.728893,1572.0713,60286.582,2.293021e+06,2025-01-06T14:50:20.852412032,2025-01-06T14:59:51.654176000,0.76,1.0
74.0,543.05084,861.4503,44.616116,1472.3318,53946.832,1.40574e+06,2025-01-06T15:00:20.854457984,2025-01-06T15:09:51.657138048,0.71,1.0
74.0,555.61194,814.4293,48.57645,1603.0228,57157.88,1.7168831e+06,2025-01-06T15:10:20.854701952,2025-01-06T15:19:51.660585088,0.73,1.0
65.0,545.741,981.4418,41.264286,1196.6642,69142.66,1.598816e+06,2025-01-06T15:20:20.854948096,2025-01-06T15:29:51.657287040,0.74,1.0
61.0,656.3922,1554.2172,41.42768,1532.8243,34024.176,1.0372859e+06,2025-01-06T15:30:20.856996992,2025-01-06T15:39:51.662713984,0.71,1.0
68.0,618.30865,1633.5676,47.545315,2139.539,38057.535,1.3069988e+06,2025-01-06T15:40:20.857241984,2025-01-06T15:49:51.660830080,0.68,1.0
68.0,584.2381,1031.0643,49.34086,1825.6118,62815.715,2.02088e+06,2025-01-06T15:50:20.857473024,2025-01-06T15:59:51.655693952,0.7,1.0
89.0,543.5587,1171.7971,46.41826,1763.8938,52697.508,1.851099e+06,2025-01-06T16:00:20.859464960,2025-01-06T16:09:51.660423040,0.69,1.0
114.0,559.66766,1209.3096,44.880386,1840.096,57365.363,2.1892805e+06,2025-01-06T16:10:20.859645952,2025-01-06T16:19:51.661732992,0.73,1.0
119.0,520.44104,1104.7596,33.998833,1359.9534,54507.54,1.9144818e+06,2025-01-06T16:20:20.859827968,2025-01-06T16:29:51.658511104,0.8,1.0
108.0,548.3858,1402.7192,38.35566,2071.2056,53837.91,2.435406e+06,2025-01-06T16:30:20.861814016,2025-01-06T16:39:51.657939968,0.74,1.0
121.0,559.95483,1172.7292,45.36119,3084.561,74955.555,4.361931e+06,2025-01-06T16:40:20.861997952,2025-01-06T16:49:51.664806016,0.74,1.0
156.0,532.9402,1012.95624,49.59948,3918.3586,71491.414,4.8677215e+06,2025-01-06T16:50:20.862182016,2025-01-06T16:59:51.663832960,0.72,1.0
161.0,532.88214,1106.3982,42.80013,2739.2085,69526.6,3.9728425e+06,2025-01-06T17:00:20.864168064,2025-01-06T17:09:51.674136960,0.75,1.0
158.0,562.3265,1785.9832,44.498917,3114.9243,64587.727,3.9569502e+06,2025-01-06T17:10:20.864348032,2025-01-06T17:19:51.667865984,0.73,1.0
166.0,558.5885,1164.5459,44.335434,3369.4927,58762.36,3.9572898e+06,2025-01-06T17:20:20.866328064,2025-01-06T17:29:51.667448064,0.75,1.0
170.0,572.588,1897.6881,48.241817,3811.1033,51766.895,3.3810175e+06,2025-01-06T17:30:20.866499968,2025-01-06T17:39:51.671982976,0.72,1.0
189.0,540.0322,1141.807,45.245018,3981.5615,54218.73,3.860477e+06,2025-01-06T17:40:20.866668032,2025-01-06T17:49:51.671880064,0.75,1.0
170.0,565.25775,1695.9818,53.34982,3841.187,70879.375,4.474743e+06,2025-01-06T17:50:20.868631936,2025-01-06T17:59:51.680237952,0.76,1.0
178.0,589.369,1558.7883,51.397842,4779.999,62666.914,4.9706645e+06,2025-01-06T18:00:20.639768064,2025-01-06T18:09:51.442617984,0.69,1.0
177.0,549.8793,1007.5397,47.338654,4686.5273,64775.75,5.3267135e+06,2025-01-06T18:10:20.641713024,2025-01-06T18:19:51.444311040,0.68,1.0
178.0,546.04877,1260.2461,49.951244,5194.929,64744.285,5.8439315e+06,2025-01-06T18:20:20.641844992,2025-01-06T18:29:51.444780032,0.66,1.0
144.0,524.64044,1139.3604,52.51387,4516.192,68264.22,5.259881e+06,2025-01-06T18:30:20.641965056,2025-01-06T18:39:51.444514048,0.68,1.0
158.0,557.4006,1148.9382,58.954033,5246.909,56769.01,4.264249e+06,2025-01-06T18:40:20.643874048,2025-01-06T18:49:51.450940032,0.67,1.0
142.0,573.9383,1125.8232,58.459003,5085.9336,47890.066,3.2234812e+06,2025-01-06T18:50:20.643966976,2025-01-06T18:59:51.445250048,0.67,1.0
152.0,602.87573,1693.0431,59.751232,6333.631,42002.008,3.3858915e+06,2025-01-06T19:00:20.644045952,2025-01-06T19:09:51.452342016,0.65,1.0
143.0,582.3205,965.79205,61.136703,5563.44,44097.38,3.0128682e+06,2025-01-06T19:10:20.645912960,2025-01-06T19:19:51.449454976,0.66,1.0
145.0,591.35474,1686.6074,66.47193,5982.473,51268.48,3.3492468e+06,2025-01-06T19:20:20.645961984,2025-01-06T19:29:51.447623040,0.68,1.0
133.0,568.58075,1160.6907,52.133514,4744.1494,37215.27,2.3194902e+06,2025-01-06T19:30:20.645996032,2025-01-06T19:39:51.444611968,0.66,1.0
143.0,606.5883,1566.1549,53.773006,5538.62,33514.734,2.5007928e+06,2025-01-06T19:40:20.647819008,2025-01-06T19:49:51.455054080,0.64,1.0
142.0,589.4048,970.959,49.528362,4655.666,33068.543,2.128208e+06,2025-01-06T19:50:20.647825920,2025-01-06T19:59:51.454941056,0.64,1.0
143.0,624.5798,1911.9242,53.88692,5119.258,25033.25,1.7721805e+06,2025-01-06T20:00:20.649623040,2025-01-06T20:09:51.457257088,0.65,1.0
138.0,605.3144,2226.7234,48.03302,4563.1377,32195.16,2.433873e+06,2025-01-06T20:10:20.649604992,2025-01-06T20:19:51.457366016,0.65,1.0
144.0,596.3335,1171.3308,53.74766,4676.0464,28763.492,1.8312599e+06,2025-01-06T20:20:20.649579008,2025-01-06T20:29:51.449373056,0.68,1.0
139.0,558.7911,942.63727,48.62563,4279.0557,30528.564,1.9640498e+06,2025-01-06T20:30:20.651348992,2025-01-06T20:39:51.450939008,0.65,1.0
119.0,567.94977,1292.4675,49.774998,4081.5496,26821.459,1.6187579e+06,2025-01-06T20:40:20.651307008,2025-01-06T20:49:51.456061056,0.63,1.0
136.0,609.89685,1650.8112,51.316025,4823.7065,24494.582,1.7344338e+06,2025-01-06T20:50:20.651259008,2025-01-06T20:59:51.459362048,0.63,1.0
115.0,638.7185,2434.0947,46.163452,3739.2395,21639.94,1.3262366e+06,2025-01-06T21:00:20.653010944,2025-01-06T21:09:51.454439936,0.64,1.0
126.0,606.38446,846.9956,51.97265,3222.3042,15820.956,655559.75,2025-01-06T21:10:20.652956032,2025-01-06T21:19:51.458489984,0.67,1.0
254.0,648.0944,2891.173,45.717808,3840.296,20095.064,1.2717932e+06,2025-01-06T21:20:20.652899968,2025-01-06T21:29:51.455312000,0.67,1.0
285.0,619.3673,1474.4133,48.13449,3225.0105,24229.053,1.211317e+06,2025-01-06T21:30:20.654647040,2025-01-06T21:39:51.451699072,0.73,1.0
362.0,616.06946,1296.0094,41.502876,2448.67,22236.92,950007.56,2025-01-06T21:40:20.654592000,2025-01-06T21:49:51.457460992,0.86,1.0
402.0,631.5768,1596.9297,45.85843,2934.9395,23597.709,960789.4,2025-01-06T21:50:20.654539008,2025-01-06T21:59:51.468397056,0.91,1.0
415.0,583.6627,915.89404,45.213554,2577.1726,22777.68,875222.7,2025-01-06T22:00:20.656294016,2025-01-06T22:09:51.458621056,0.86,1.0
399.0,596.8655,877.1207,46.881523,2672.2466,15625.992,556981.25,2025-01-06T22:10:20.656251008,2025-01-06T22:19:51.464137984,0.91,1.0
373.0,618.1466,1301.4955,59.480015,3033.4807,17415.389,547506.1,2025-01-06T22:20:20.658017024,2025-01-06T22:29:51.458430976,0.92,1.0
372.0,642.89667,1447.602,55.244503,3259.4258,23967.332,778351.7,2025-01-06T22:30:20.657986048,2025-01-06T22:39:51.460237056,0.87,1.0
377.0,652.4022,1279.7277,53.918144,2695.9072,33192.367,884422.06,2025-01-06T22:40:20.657966080,2025-01-06T22:49:51.457779072,0.85,1.0
468.0,622.77313,966.80194,66.72338,3336.169,22767.723,605743.44,2025-01-06T22:50:20.659757056,2025-01-06T22:59:51.465726080,0.84,1.0
303.0,617.33936,1032.6696,50.488068,2423.4272,20327.547,499321.72,2025-01-06T23:00:20.659753984,2025-01-06T23:09:51.464873984,0.84,1.0
223.0,617.3308,969.4726,60.849075,2312.265,21442.924,350057.2,2025-01-06T23:10:20.659719040,2025-01-06T23:19:51.462811008,0.73,1.0
698.0,609.5769,1218.9653,57.95385,2376.1077,28548.268,579914.06,2025-01-06T23:20:20.661470080,2025-01-06T23:29:51.464142976,0.73,1.0
828.0,603.54193,1041.3112,51.780685,1605.2012,21653.072,397023.38,2025-01-06T23:30:20.661428992,2025-01-06T23:39:51.464660992,0.84,1.0
888.0,675.5532,1110.7484,57.249893,1488.4973,21120.191,259600.6,2025-01-06T23:40:20.661390976,2025-01-06T23:49:51.464818048,0.88,1.0
908.0,589.1557,896.2591,38.41544,1114.0477,17989.357,295845.94,2025-01-06T23:50:20.663122048,2025-01-06T23:59:51.473698048,0.91,1.0
1054.0,752.60846,1076.7902,46.946793,1267.5635,6396.592,98832.64,2025-01-07T00:00:20.663058944,2025-01-07T00:09:51.471240960,0.92,1.0
704.0,698.13745,1272.1838,44.381264,1287.0565,11972.548,166093.58,2025-01-07T00:10:20.663005056,2025-01-07T00:19:51.464588032,0.85,1.0
801.0,657.2988,1117.019,50.97119,1325.2511,13884.838,185668.16,2025-01-07T00:20:20.664723072,2025-01-07T00:29:51.467449984,0.83,1.0
1044.0,540.55756,679.4372,47.665398,1239.3003,37149.625,408599.44,2025-01-07T00:30:20.664646016,2025-01-07T00:39:51.466264064,0.88,1.0
922.0,526.11115,623.6803,42.52394,1063.0986,30177.516,301787.16,2025-01-07T00:40:20.666388992,2025-01-07T00:49:51.470329088,0.9,1.0
877.0,587.51086,785.53876,42.839714,1070.9928,10182.25,114492.88,2025-01-07T00:50:20.666300032,2025-01-07T00:59:51.465739008,0.93,1.0
679.0,602.133,918.0652,47.62299,952.45984,16181.978,181692.84,2025-01-07T01:00:20.666211968,2025-01-07T01:09:51.467385984,0.94,1.0
647.0,579.7221,877.91394,46.836205,889.8879,25398.928,306555.2,2025-01-07T01:10:20.667947008,2025-01-07T01:19:51.471928064,0.88,1.0
640.0,582.19006,765.0939,49.398552,740.9783,14919.707,149824.98,2025-01-07T01:20:20.667883008,2025-01-07T01:29:51.471789056,0.89,1.0
725.0,609.3208,746.8865,54.37928,761.3098,9753.147,78039.9,2025-01-07T01:30:20.667783936,2025-01-07T01:39:51.476673024,0.94,1.0
661.0,581.2082,726.1533,44.676502,670.1475,11310.156,92675.1,2025-01-07T01:40:20.669499008,2025-01-07T01:49:51.479593088,0.94,1.0
548.0,618.71326,863.25104,41.414284,745.4571,10954.817,125469.28,2025-01-07T01:50:20.669430016,2025-01-07T01:59:51.470589056,0.87,1.0
489.0,596.9533,768.5311,42.825653,556.7335,12444.964,111981.08,2025-01-07T02:00:20.669378944,2025-01-07T02:09:51.476976000,0.88,1.0
638.0,652.6945,833.05225,37.14078,594.25256,9419.078,77613.04,2025-01-07T02:10:20.671147008,2025-01-07T02:19:51.482493056,0.89,1.0
943.0,636.2053,809.3134,41.046043,574.64453,11681.044,105517.2,2025-01-07T02:20:20.671111936,2025-01-07T02:29:51.476016000,0.85,1.0
918.0,630.1089,799.67035,45.642796,638.99915,13075.769,107615.2,2025-01-07T02:30:20.671036032,2025-01-07T02:39:51.480118016,0.91,1.0
1062.0,686.2101,881.5102,52.221554,678.8801,7592.4224,71856.24,2025-01-07T02:40:20.672763904,2025-01-07T02:49:51.483126016,0.9,1.0
1312.0,621.39905,745.40643,43.19002,647.85034,10383.509,85906.32,2025-01-07T02:50:20.672696960,2025-01-07T02:59:51.472499072,0.85,1.0
1147.0,582.8909,765.3948,36.350487,508.90683,11861.274,83003.96,2025-01-07T03:00:20.674443008,2025-01-07T03:09:51.477319040,0.91,1.0
1173.0,581.52374,716.57947,36.137783,325.24002,16803.512,67528.1,2025-01-07T03:10:20.674393088,2025-01-07T03:19:51.483667072,0.89,1.0
938.0,677.2563,999.33936,26.213911,314.56693,6442.294,29110.7,2025-01-07T03:20:20.674344960,2025-01-07T03:29:51.478270080,0.95,1.0
1041.0,539.5779,660.1546,18.852661,188.52661,18722.754,56271.477,2025-01-07T03:30:20.676102016,2025-01-07T03:39:51.475414016,0.86,1.0
953.0,535.8174,585.4977,27.283054,245.54749,20777.271,124677.984,2025-01-07T03:40:20.676054912,2025-01-07T03:49:51.483422976,0.85,1.0
622.0,501.647,593.78125,23.479048,164.35332,43077.293,258407.12,2025-01-07T03:50:20.676004096,2025-01-07T03:59:51.476909056,0.91,1.0
671.0,533.0156,644.1342,23.28537,256.1391,26263.873,158521.88,2025-01-07T04:00:20.677752064,2025-01-07T04:09:51.478320000,0.91,1.0
512.0,1104.0005,1362.7227,45.208702,226.0435,3691.9436,11049.0,2025-01-07T04:10:20.677688960,2025-01-07T04:19:51.481667968,0.94,1.0
254.0,571.8062,792.59357,27.87115,250.84035,31584.225,190292.45,2025-01-07T04:20:20.677620096,2025-01-07T04:29:51.480028032,0.9,1.0
124.0,572.77686,686.9215,23.013763,115.06882,15822.449,48770.938,2025-01-07T04:30:20.679344000,2025-01-07T04:39:51.481257984,0.81,1.0
136.0,679.23395,1027.0476,21.183163,169.4653,14500.925,94919.734,2025-01-07T04:40:20.679254016,2025-01-07T04:49:51.480990080,0.82,1.0
123.0,495.4084,513.62195,22.984127,91.93651,30420.016,60869.656,2025-01-07T04:50:20.679151104,2025-01-07T04:59:51.481367040,0.86,1.0
106.0,411.80496,411.80496,21.89263,65.67789,79258.26,79249.32,2025-01-07T05:00:20.680840064,2025-01-07T05:09:51.482873984,0.85,1.0
191.0,479.17935,490.73257,21.55614,107.7807,41846.05,83737.16,2025-01-07T05:10:20.680716032,2025-01-07T05:19:51.484590976,0.81,1.0
205.0,895.62823,1062.5328,31.914427,95.74328,1560.8375,8000.0,2025-01-07T05:20:20.682385024,2025-01-07T05:29:51.483713024,0.87,1.0
232.0,607.43054,607.43054,24.360596,97.44238,11855.2,11866.42,2025-01-07T05:30:20.682193024,2025-01-07T05:39:51.482910080,0.87,1.0
285.0,518.8649,518.8649,11.53232,23.06464,10880.604,10890.74,2025-01-07T05:40:20.681974016,2025-01-07T05:49:51.485380096,0.87,1.0
640.0,604.8152,604.8152,29.315079,146.57538,11922.138,11927.4,2025-01-07T05:50:20.683506048,2025-01-07T05:59:51.480599040,0.83,1.0
724.0,620.46967,812.7569,33.013172,165.06586,18319.69,55112.86,2025-01-07T06:00:20.912228992,2025-01-07T06:09:51.713803008,0.88,1.0
683.0,481.1874,561.62213,23.508358,70.52508,53883.086,107763.28,2025-01-07T06:10:20.911905024,2025-01-07T06:19:51.711617024,0.91,1.0
471.0,433.40237,433.40237,38.74308,38.74308,127304.42,127301.56,2025-01-07T06:20:20.911582976,2025-01-07T06:29:51.715494016,0.89,1.0
438.0,524.46155,585.05927,20.938423,83.753685,18143.629,36294.72,2025-01-07T06:30:20.913069056,2025-01-07T06:39:51.717015040,0.91,1.0
619.0,nan,nan,18.587988,55.76396,nan,0.0,2025-01-07T06:40:20.912788096,2025-01-07T06:49:51.715012992,0.86,1.0
875.0,487.0738,487.0738,17.2103,34.4206,16393.553,16378.939,2025-01-07T06:50:20.912493952,2025-01-07T06:59:51.713709056,0.92,1.0
955.0,601.106,601.106,23.666637,70.999916,8911.335,8939.38,2025-01-07T07:00:20.914029952,2025-01-07T07:09:51.716380032,0.95,1.0
800.0,598.12805,598.12805,21.723722,43.44745,5645.991,5646.46,2025-01-07T07:10:20.913751040,2025-01-07T07:19:51.718139008,0.95,1.0
860.0,411.8568,411.8568,24.972473,24.972473,128878.195,128887.04,2025-01-07T07:20:20.913496064,2025-01-07T07:29:51.716114048,0.94,1.0
931.0,843.5683,1083.5088,35.798298,143.19319,6458.6216,15927.4,2025-01-07T07:30:20.915063040,2025-01-07T07:39:51.714251008,0.98,1.0
765.0,530.766,553.3245,23.252228,69.75668,15082.767,30196.72,2025-01-07T07:40:20.914809984,2025-01-07T07:49:51.720657024,0.98,1.0
559.0,439.92706,440.82922,18.436817,73.74727,61250.773,122459.45,2025-01-07T07:50:20.916393088,2025-01-07T07:59:51.716768000,0.97,1.0
502.0,nan,nan,20.359123,20.359123,nan,0.0,2025-01-07T08:00:20.916169088,2025-01-07T08:09:51.717694080,0.92,1.0
502.0,nan,nan,16.738556,16.738556,nan,0.0,2025-01-07T08:10:20.915954048,2025-01-07T08:19:51.719526016,0.87,1.0
473.0,419.63327,419.63327,51.107834,51.107834,222945.8,222918.2,2025-01-07T08:20:20.917575936,2025-01-07T08:29:51.720712960,0.89,1.0
957.0,927.8381,927.8381,56.717434,56.717434,1949.4954,4000.0,2025-01-07T08:30:20.917431936,2025-01-07T08:39:51.730726016,0.82,1.0
487.0,nan,nan,nan,0.0,nan,0.0,2025-01-07T08:40:20.917323904,2025-01-07T08:49:51.721438976,0.81,1.0
387.0,504.65958,688.08075,33.76374,168.8187,74660.734,298581.3,2025-01-07T08:50:20.919049088,2025-01-07T08:59:51.719980032,0.88,1.0
265.0,749.24817,882.27057,42.223904,211.11954,4899.3145,21488.2,2025-01-07T09:00:20.918995072,2025-01-07T09:09:51.724578048,0.92,1.0
289.0,559.5042,605.84863,30.81519,123.26076,16519.133,49563.68,2025-01-07T09:10:20.918961024,2025-01-07T09:19:51.719174016,0.95,1.0
268.0,588.4601,617.3847,28.619621,85.85886,10701.416,21415.6,2025-01-07T09:20:20.920717952,2025-01-07T09:29:51.719284992,0.92,1.0
528.0,637.489,712.1346,28.27182,56.54364,6204.3604,12451.54,2025-01-07T09:30:20.920662016,2025-01-07T09:39:51.721693056,0.85,1.0
723.0,nan,nan,19.602877,78.411514,nan,0.0,2025-01-07T09:40:20.920619008,2025-01-07T09:49:51.720478976,0.82,1.0
1284.0,666.2929,666.2929,44.49938,222.4969,7492.12,7475.86,2025-01-07T09:50:20.922395904,2025-01-07T09:59:51.727060992,0.76,1.0
558.0,502.39343,550.74744,35.147446,140.58978,25028.748,50076.2,2025-01-07T10:00:20.922385024,2025-01-07T10:09:51.725000064,0.72,1.0
233.0,596.6148,825.6271,28.87489,173.24936,16571.404,67650.06,2025-01-07T10:10:20.924193024,2025-01-07T10:19:51.728214016,0.79,1.0
496.0,599.16626,632.4899,32.018826,192.11295,11245.529,22513.24,2025-01-07T10:20:20.924212992,2025-01-07T10:29:51.726361088,0.77,1.0
377.0,637.17377,700.0361,32.526665,227.68666,6459.7915,12878.4,2025-01-07T10:30:20.924247040,2025-01-07T10:39:51.729155968,0.81,1.0
143.0,725.2595,1144.4594,32.02228,288.20053,6752.1777,46745.54,2025-01-07T10:40:20.926098048,2025-01-07T10:49:51.726609024,0.84,1.0
65.0,695.417,1005.3445,41.973957,251.84373,23534.871,120982.875,2025-01-07T10:50:20.926158976,2025-01-07T10:59:51.736289024,0.84,1.0
62.0,676.4785,831.46936,30.576237,122.30495,17406.344,37270.4,2025-01-07T11:00:20.926233984,2025-01-07T11:09:51.731729024,0.76,1.0
65.0,560.0764,560.0764,20.729548,103.647736,13837.143,13817.78,2025-01-07T11:10:20.928125952,2025-01-07T11:19:51.730983040,0.77,1.0
60.0,518.38367,599.56256,26.07324,156.43942,38818.844,77639.16,2025-01-07T11:20:20.928226944,2025-01-07T11:29:51.737548032,0.79,1.0
34.0,513.4676,568.42194,22.533133,112.665665,27174.771,54344.8,2025-01-07T11:30:20.928342016,2025-01-07T11:39:51.728551040,0.77,1.0
22.0,579.98596,633.02106,26.036547,130.18274,8694.276,26050.08,2025-01-07T11:40:20.930273024,2025-01-07T11:49:51.743782016,0.78,1.0
19.0,673.7989,673.7989,18.566454,37.132908,2711.4077,4000.0,2025-01-07T11:50:20.930414976,2025-01-07T11:59:51.739636992,0.78,1.0
6.0,632.369,632.369,23.297815,46.595627,4198.2466,4182.94,2000-01-01T11:43:21.000000000,2000-01-01T11:43:21.000000000,0.9,1.0
28.0,594.2463,654.07574,30.59068,91.77203,15236.782,31233.379,2025-01-07T12:05:22.474259968,2025-01-07T12:10:02.808704000,0.75,1.0
26.0,435.93256,469.88358,26.722681,187.05876,83405.92,333644.8,2025-01-07T12:10:22.472544000,2025-01-07T12:19:53.272286976,0.75,1.0
22.0,643.1685,643.1685,20.998898,62.99669,2837.3408,4000.0,2025-01-07T12:20:22.472731008,2025-01-07T12:29:53.269875968,0.81,1.0
10.0,481.362,550.5251,17.84693,71.38772,36258.426,108775.266,2025-01-07T12:30:22.474733952,2025-01-07T12:39:53.275521024,0.71,1.0
16.0,519.41705,756.724,23.285118,186.28094,62602.51,315265.2,2025-01-07T12:40:22.474946944,2025-01-07T12:49:53.277523968,0.81,1.0
15.0,529.5615,802.1657,29.81402,327.95416,37449.12,374902.16,2025-01-07T12:50:22.475172992,2025-01-07T12:59:53.282834944,0.71,1.0
19.0,585.6715,871.24005,32.58248,456.15475,32348.963,359388.56,2025-01-07T13:00:20.486397952,2025-01-07T13:09:51.295497984,0.57,1.0
20.0,547.6434,854.2577,25.026371,350.3692,34880.02,353559.16,2025-01-07T13:10:20.488448000,2025-01-07T13:19:51.289998080,0.76,1.0
22.0,515.12775,649.129,22.026098,308.36536,29932.281,330606.0,2025-01-07T13:20:20.488662912,2025-01-07T13:29:51.290545024,0.73,1.0
25.0,519.32404,606.2349,30.06211,360.74533,34324.91,343253.53,2025-01-07T13:30:20.490679040,2025-01-07T13:39:51.288663040,0.78,1.0
23.0,566.1556,1146.8441,40.103497,802.07,40928.94,701094.4,2025-01-07T13:40:20.490903936,2025-01-07T13:49:51.293812096,0.68,1.0
48.0,553.60834,867.3591,38.40569,1267.3878,33868.86,1.0245164e+06,2025-01-07T13:50:20.491143936,2025-01-07T13:59:51.291192064,0.7,1.0
44.0,552.71234,755.2456,51.100986,1481.9288,39268.996,866043.9,2025-01-07T14:00:20.493190016,2025-01-07T14:09:51.295755008,0.66,1.0
55.0,537.05927,833.17615,48.823612,1855.2974,42288.6,1.3129271e+06,2025-01-07T14:10:20.493401088,2025-01-07T14:19:51.301640960,0.66,1.0
69.0,543.8636,796.2468,46.93935,1736.756,42200.51,1.2697416e+06,2025-01-07T14:20:20.493618048,2025-01-07T14:29:51.296356992,0.67,1.0
105.0,560.3792,1112.7317,42.984707,2493.1133,44550.117,2.1024672e+06,2025-01-07T14:30:20.495650048,2025-01-07T14:39:51.298974080,0.69,1.0
109.0,596.2685,1772.6495,45.452896,2636.268,43547.133,2.190753e+06,2025-01-07T14:40:20.495890944,2025-01-07T14:49:51.300583040,0.71,1.0
125.0,607.11145,1908.9282,48.853683,2882.3672,50815.285,2.5527305e+06,2025-01-07T14:50:20.496128000,2025-01-07T14:59:51.298694016,0.71,1.0
119.0,595.79596,1096.118,52.243908,3395.854,46765.316,2.6344785e+06,2025-01-07T15:00:20.498136960,2025-01-07T15:09:51.297731072,0.7,1.0
128.0,565.53143,1430.8127,48.267788,3523.5486,45572.28,2.835137e+06,2025-01-07T15:10:20.498345984,2025-01-07T15:19:51.300564096,0.68,1.0
138.0,569.9019,1894.1218,41.625916,2913.8145,54158.008,3.371274e+06,2025-01-07T15:20:20.498563968,2025-01-07T15:29:51.297092992,0.72,1.0
128.0,596.58813,1256.0311,42.31991,2285.2754,35149.496,1.6654236e+06,2025-01-07T15:30:20.500590976,2025-01-07T15:39:51.304436992,0.79,1.0
128.0,565.7871,1942.6555,38.75926,2403.074,42023.73,2.2757462e+06,2025-01-07T15:40:20.500795904,2025-01-07T15:49:51.309398016,0.72,1.0
112.0,545.81287,1059.777,36.528328,2703.096,37622.0,2.4923312e+06,2025-01-07T15:50:20.502784000,2025-01-07T15:59:51.305415040,0.66,1.0
170.0,533.978,1033.7355,34.073418,3679.9292,51166.766,4.6718705e+06,2025-01-07T16:35:20.507277952,2025-01-07T16:40:00.742395008,0.89,1.0
115.0,571.79236,1105.563,37.131977,2970.558,35503.13,2.6113745e+06,2025-01-07T16:00:20.502972928,2025-01-07T16:09:51.311776000,0.68,1.0
124.0,579.0428,2021.0024,39.589073,3365.0713,35442.434,2.639059e+06,2025-01-07T16:10:20.503168000,2025-01-07T16:19:51.309846016,0.63,1.0
123.0,516.8856,934.8355,35.49404,2626.5593,47913.562,2.9776722e+06,2025-01-07T16:20:20.505170944,2025-01-07T16:29:51.314740992,0.66,1.0
209.0,530.93787,991.5095,39.616837,5189.8057,56280.62,6.2641745e+06,2025-01-07T16:40:20.505563008,2025-01-07T16:49:51.301524096,0.71,1.0
215.0,526.64233,1594.0422,44.787437,6091.092,67483.07,8.0422645e+06,2025-01-07T16:50:20.507523968,2025-01-07T16:59:51.309867008,0.66,1.0
271.0,519.7641,1061.4056,44.063404,5551.9883,77600.44,8.626968e+06,2025-01-07T17:00:20.507680000,2025-01-07T17:09:51.311491072,0.73,1.0
327.0,537.2663,1033.971,49.446518,7466.4243,62056.85,8.577821e+06,2025-01-07T17:10:20.507838976,2025-01-07T17:19:51.309795072,0.73,1.0
344.0,553.93054,2895.0195,49.29162,8182.4087,65451.402,9.840908e+06,2025-01-07T17:20:20.509803008,2025-01-07T17:29:51.316083968,0.74,1.0
338.0,552.107,1093.3663,48.95157,7881.203,64558.39,8.9949e+06,2025-01-07T17:30:20.509964032,2025-01-07T17:39:51.307507968,0.72,1.0
331.0,571.9458,1323.2223,53.94532,9548.322,51722.746,8.202179e+06,2025-01-07T17:40:20.510121984,2025-01-07T17:49:51.318001024,0.69,1.0
331.0,549.24506,1137.481,47.52852,8174.905,62406.754,9.205084e+06,2025-01-07T17:50:20.512080000,2025-01-07T17:59:51.314745984,0.72,1.0
306.0,561.12537,1890.5,49.261974,7734.1304,57394.97,7.9438735e+06,2025-01-07T18:00:20.285017984,2025-01-07T18:09:51.084849024,0.72,1.0
301.0,558.75604,1186.9576,52.92918,8468.668,55595.566,7.7434075e+06,2025-01-07T18:10:20.285133952,2025-01-07T18:19:51.087784064,0.71,1.0
305.0,556.8311,1224.6433,56.046528,9247.677,57748.465,8.272493e+06,2025-01-07T18:20:20.285218048,2025-01-07T18:29:51.092974976,0.7,1.0
288.0,592.7589,1585.6481,58.038815,9982.676,49173.63,7.506424e+06,2025-01-07T18:30:20.287096960,2025-01-07T18:39:51.096081024,0.69,1.0
302.0,585.2013,1730.6675,56.280094,9623.8955,48771.09,7.5993435e+06,2025-01-07T18:40:20.287165952,2025-01-07T18:49:51.087424000,0.7,1.0
282.0,573.8853,1923.3702,51.45796,8027.4404,51399.062,6.910544e+06,2025-01-07T18:50:20.287227008,2025-01-07T18:59:51.089362048,0.72,1.0
226.0,587.5944,1183.2943,78.4907,11695.113,45013.633,5.607526e+06,2025-01-07T19:35:20.290980992,2025-01-07T19:40:00.423948032,0.87,1.0
291.0,616.26624,1897.3695,73.14691,12288.681,45534.035,6.8186435e+06,2025-01-07T19:00:20.289082112,2025-01-07T19:09:51.097187072,0.67,1.0
250.0,581.5286,1592.054,90.079025,13872.17,49469.766,6.346566e+06,2025-01-07T19:10:20.289123968,2025-01-07T19:19:51.104972032,0.66,1.0
246.0,624.86804,2221.5942,79.821526,12851.266,46135.613,6.1708205e+06,2025-01-07T19:20:20.289154048,2025-01-07T19:29:51.091908992,0.65,1.0
201.0,570.73944,1265.5714,82.29177,11685.432,45063.027,5.144874e+06,2025-01-07T19:40:20.290982912,2025-01-07T19:49:51.094969088,0.65,1.0
198.0,621.6421,1506.3301,78.9354,11998.182,36523.906,4.6722635e+06,2025-01-07T19:50:20.290977920,2025-01-07T19:59:51.091922048,0.59,1.0
194.0,605.5342,1393.802,70.3489,9004.658,37330.47,4.205161e+06,2025-01-07T20:00:20.292768000,2025-01-07T20:09:51.099246080,0.66,1.0
176.0,613.7561,2349.9783,97.14747,11269.105,30871.4,3.0424955e+06,2025-01-07T20:10:20.292744064,2025-01-07T20:19:51.093507968,0.65,1.0
178.0,657.0683,2125.268,88.82409,11191.836,28118.242,3.0517255e+06,2025-01-07T20:20:20.294513920,2025-01-07T20:29:51.097704960,0.62,1.0
178.0,675.6658,2005.272,84.96685,11130.657,22837.6,2.42462e+06,2025-01-07T20:30:20.294473984,2025-01-07T20:39:51.094781952,0.6,1.0
166.0,641.61255,1899.6362,101.656075,11995.417,29540.666,2.8944608e+06,2025-01-07T20:40:20.294428032,2025-01-07T20:49:51.096742016,0.63,1.0
170.0,643.1493,1776.2308,93.287125,11567.6045,32225.57,3.090378e+06,2025-01-07T20:50:20.296179072,2025-01-07T20:59:51.101835008,0.62,1.0
173.0,615.3212,1885.7313,88.09706,11100.23,30829.709,3.1379162e+06,2025-01-07T21:00:20.296123008,2025-01-07T21:09:51.100435072,0.62,1.0
159.0,661.1539,2565.5122,89.64244,10577.808,28537.047,2.7323282e+06,2025-01-07T21:10:20.296066048,2025-01-07T21:19:51.098676992,0.59,1.0
163.0,682.62537,1354.7106,92.501015,10915.121,22225.861,2.1235895e+06,2025-01-07T21:20:20.297809920,2025-01-07T21:29:51.109264000,0.59,1.0
136.0,685.75226,1497.9307,97.740776,10067.301,17956.01,1.494511e+06,2025-01-07T21:30:20.297752064,2025-01-07T21:39:51.101207040,0.61,1.0
116.0,650.5793,1147.266,95.387344,7821.7617,18304.555,1.355211e+06,2025-01-07T21:40:20.297696000,2025-01-07T21:49:51.099869056,0.61,1.0
103.0,690.50146,2108.0466,103.658195,7774.364,16857.178,1.01800744e+06,2025-01-07T21:50:20.299446912,2025-01-07T21:59:51.103191040,0.6,1.0
90.0,663.324,1110.8947,119.24145,8227.66,19912.533,1.055622e+06,2025-01-07T22:00:20.299397888,2025-01-07T22:09:51.103524992,0.6,1.0
95.0,678.51825,1088.9282,136.02473,8025.4595,22885.484,1.0002304e+06,2025-01-07T22:10:20.299355008,2025-01-07T22:19:51.101875968,0.61,1.0
116.0,667.7469,1000.12463,138.4712,9277.57,23668.281,1.2809792e+06,2025-01-07T22:20:20.301121920,2025-01-07T22:29:51.101736960,0.65,1.0
106.0,690.36115,1144.8126,166.18918,10137.542,22743.906,947592.94,2025-01-07T22:30:20.301092992,2025-01-07T22:39:51.106819968,0.64,1.0
201.0,694.4025,1184.886,151.87239,9112.344,19195.924,724139.0,2025-01-07T22:40:20.302873984,2025-01-07T22:49:51.111932032,0.68,1.0
318.0,697.5789,1133.9135,155.3054,8541.798,20775.871,785911.75,2025-01-07T22:50:20.302864000,2025-01-07T22:59:51.107341056,0.74,1.0
198.0,678.00244,1037.7776,178.97382,9664.586,23692.639,908517.94,2025-01-07T23:00:20.302860928,2025-01-07T23:09:51.104179072,0.77,1.0
173.0,688.8286,926.23047,226.46887,8832.286,29086.232,905824.56,2025-01-07T23:10:20.304652032,2025-01-07T23:19:51.109454080,0.72,1.0
188.0,688.59955,1250.5233,197.90503,9301.537,30620.19,1.2096126e+06,2025-01-07T23:20:20.304600960,2025-01-07T23:29:51.114269056,0.7,1.0
178.0,671.7858,936.552,238.04419,9283.725,31292.512,944144.7,2025-01-07T23:30:20.304558080,2025-01-07T23:39:51.106552064,0.71,1.0
268.0,624.93976,876.04913,230.63707,7611.0234,39872.285,1.0802041e+06,2025-01-07T23:40:20.306332928,2025-01-07T23:49:51.110099968,0.76,1.0
420.0,719.7979,2250.3413,254.92534,8667.461,41671.574,1.1756131e+06,2025-01-07T23:50:20.306273024,2025-01-07T23:59:51.111665024,0.81,1.0
567.0,679.69714,1184.954,305.16107,10680.638,64700.938,1.6222438e+06,2025-01-08T00:00:20.306200064,2025-01-08T00:09:51.110771968,0.8,1.0
917.0,718.2827,1025.3623,334.67062,10374.789,60897.875,1.4047166e+06,2025-01-08T00:10:20.307948032,2025-01-08T00:19:51.105560960,0.83,1.0
987.0,730.3678,1243.7178,296.28293,9777.336,54113.07,1.3075505e+06,2025-01-08T00:20:20.307884032,2025-01-08T00:29:51.106515968,0.92,1.0
1316.0,641.8241,1058.7728,278.71362,9476.264,55191.527,1.606412e+06,2025-01-08T00:30:20.307793920,2025-01-08T00:39:51.105172096,0.91,1.0
990.0,674.7787,1314.3104,271.38315,8955.644,52061.484,1.3591512e+06,2025-01-08T00:40:20.309522944,2025-01-08T00:49:51.110008064,0.97,1.0
796.0,685.7432,992.43494,255.41763,8173.3643,46500.21,1.02392106e+06,2025-01-08T00:50:20.309467008,2025-01-08T00:59:51.114487040,0.95,1.0
836.0,691.4784,1272.4788,305.0152,8845.441,49356.92,1.1385388e+06,2025-01-08T01:00:20.311180032,2025-01-08T01:09:51.109150080,0.92,1.0
733.0,659.8514,990.5237,269.37384,7542.4673,53598.49,1.1867376e+06,2025-01-08T01:10:20.311089024,2025-01-08T01:19:51.112051072,0.93,1.0
662.0,688.43274,914.8668,307.84995,8311.947,50529.395,1.01470144e+06,2025-01-08T01:20:20.311017984,2025-01-08T01:29:51.112259072,0.94,1.0
516.0,723.70276,1049.3982,363.40106,8721.625,53929.45,972857.56,2025-01-08T01:30:20.312763008,2025-01-08T01:39:51.114248064,0.93,1.0
332.0,698.4689,1182.3964,420.4264,8828.956,63492.285,1.1457358e+06,2025-01-08T01:40:20.312670976,2025-01-08T01:49:51.112734976,0.87,1.0
216.0,707.5728,1091.1577,473.57547,9471.509,71144.18,1.1384066e+06,2025-01-08T01:50:20.312584064,2025-01-08T01:59:51.116100992,0.72,1.0
158.0,709.74493,923.87976,477.78702,10033.527,57346.316,1.0321301e+06,2025-01-08T02:00:20.314317952,2025-01-08T02:09:51.113300992,0.77,1.0
111.0,714.43677,995.48303,517.11206,10859.353,66275.64,1.194032e+06,2025-01-08T02:10:20.314267008,2025-01-08T02:19:51.115262080,0.82,1.0
91.0,798.4936,2161.7388,515.88934,11865.455,66475.945,1.2679151e+06,2025-01-08T02:20:20.314231040,2025-01-08T02:29:51.118216960,0.77,1.0
104.0,743.45105,1315.8802,613.68695,12887.428,76319.17,1.3750208e+06,2025-01-08T02:30:20.316009088,2025-01-08T02:39:51.121918976,0.71,1.0
238.0,746.5053,993.3348,586.02496,14650.624,76372.01,1.6038046e+06,2025-01-08T02:40:20.315948928,2025-01-08T02:49:51.116164992,0.76,1.0
259.0,848.02686,1734.4705,635.6111,14619.056,64137.75,1.2852698e+06,2025-01-08T02:50:20.315868928,2025-01-08T02:59:51.118233984,0.82,1.0
320.0,839.3287,2082.9453,618.50543,14844.131,56019.49,1.237595e+06,2025-01-08T03:00:20.317599104,2025-01-08T03:09:51.117792000,0.77,1.0
